ticker,exchange,market_cap,initial_suitability,score,classification,liquidity,price,dcf,rsi,technical_score,option_exp,option_volume,option_iv,next_earnings_date,roi,seeking_alpha_ticker_id,created_at,updated_at
A,NYQ,31709153280.00,False,91,High-quality compounder,WEAK,110.9400,78.8167,42.51,27.00,2026-04-17,1,0.3849,2026-05-27,2.0000,2087,2026-02-23 17:47:45.779151+00:00,2026-03-19 14:40:54.646285+00:00
AA,NYQ,17507086336.00,False,61,Higher risk,,,,,,,,,,,,2026-02-23 17:47:47.525564+00:00,2026-03-16 16:13:30.876465+00:00
AAL,NMS,6896881152.00,False,29,Higher risk,,,,,,,,,,,,2026-02-23 17:47:49.097543+00:00,2026-03-16 16:13:34.234735+00:00
AAOI,NGM,7159393280.00,,31,Higher risk,,,,,,,,,,,,2026-03-16 16:13:34.058329+00:00,2026-03-16 16:13:34.058329+00:00
AAON,NMS,6631950336.00,False,76,Quality (selective),WEAK,77.9850,-10.6430,47.16,51.00,2026-04-17,3,0.7566,2026-04-29,3.2500,,2026-02-23 17:47:49.204093+00:00,2026-03-19 14:40:54.648284+00:00
AAPL,NMS,3719971471360.00,False,96,High-quality compounder,GOOD,250.2500,156.2131,57.51,57.00,2026-04-17,318,0.2816,2026-05-07,2.2400,,2026-02-23 17:47:43.359842+00:00,2026-03-19 14:40:59.456532+00:00
ABBV,NYQ,391755497472.00,False,89,High-quality compounder,WEAK,207.3000,191.2281,53.83,76.67,2026-04-17,6,0.3468,2026-04-24,2.3400,,2026-02-23 17:47:43.519607+00:00,2026-03-19 14:41:01.227253+00:00
ABCB,NYQ,5172993536.00,False,64,Higher risk,,,,,,,,,,,,2026-02-23 17:47:50.805665+00:00,2026-03-16 16:13:35.752241+00:00
ABEV,NYQ,45522878464.00,False,100,High-quality compounder,WEAK,2.7750,8.2565,55.93,60.00,2026-04-17,,,2026-05-14,,,2026-02-23 17:47:45.254410+00:00,2026-03-19 14:41:01.682076+00:00
ABNB,NMS,77076512768.00,False,91,High-quality compounder,WEAK,129.5050,159.2747,49.33,91.01,2026-04-17,2,0.4087,2026-05-07,2.9600,,2026-02-23 17:47:44.722403+00:00,2026-03-19 14:41:08.303503+00:00
ABT,NYQ,189025140736.00,False,91,High-quality compounder,WEAK,109.0050,120.9653,43.46,33.60,2026-04-17,,,2026-04-15,,,2026-02-23 17:47:43.815238+00:00,2026-03-19 14:41:04.924473+00:00
ABVX,NGM,9759934464.00,False,31,Higher risk,,,,,,,,,,,,2026-02-23 17:47:48.563564+00:00,2026-03-16 16:13:32.797613+00:00
ACA,NYQ,5197791744.00,False,65,Quality (selective),,,,,,,,,,,,2026-02-23 17:47:50.390272+00:00,2026-03-16 16:13:35.717180+00:00
ACGL,NMS,34195628032.00,False,93,High-quality compounder,WEAK,92.4700,1407.7475,51.96,54.00,2026-04-17,1,0.2830,2026-05-05,2.0000,,2026-02-23 17:47:45.723503+00:00,2026-03-19 14:41:06.939619+00:00
ACGLO,NMS,11772567552.00,False,93,High-quality compounder,,20.1400,1407.7475,40.36,39.20,,,,2026-04-29,,,2026-02-23 17:47:48.093892+00:00,2026-03-19 14:41:09.157886+00:00
ACI,NYQ,9486540800.00,False,49,Higher risk,,,,,,,,,,,,2026-02-23 17:47:48.634989+00:00,2026-03-16 16:13:32.906151+00:00
ACLX,NMS,6690090496.00,False,36,Higher risk,,,,,,,,,,,,2026-02-23 17:47:50.070510+00:00,2026-03-16 16:13:34.393352+00:00
ACM,NYQ,11602361344.00,False,71,Quality (selective),,,,,,,,,,,,2026-02-23 17:47:48.146317+00:00,2026-03-16 16:13:32.240538+00:00
ACN,NYQ,122688274432.00,False,92,High-quality compounder,WEAK,200.3900,265.3637,32.52,41.00,2026-04-17,16,0.4487,2026-03-19,3.4600,,2026-02-23 17:47:44.048767+00:00,2026-03-19 14:41:12.516726+00:00
ACT,NMS,5938998272.00,False,81,High-quality compounder,,40.4200,113.0014,63.60,60.00,2026-04-17,,,2026-04-29,,,2026-02-23 17:47:50.360347+00:00,2026-03-19 14:41:12.975881+00:00
ADBE,NMS,104981274624.00,True,96,High-quality compounder,WEAK,246.3200,445.9759,31.85,56.00,2026-04-17,299,0.3958,2026-06-11,2.4000,,2026-02-23 17:47:44.251100+00:00,2026-03-19 14:41:19.126824+00:00
ADC,NYQ,9657760768.00,,61,Higher risk,,,,,,,,,,,,2026-02-23 17:47:48.833370+00:00,2026-03-16 16:13:32.864568+00:00
ADI,NMS,152058511360.00,,85,High-quality compounder,WEAK,307.8800,267.7605,63.06,60.00,2026-04-17,3,0.3983,2026-05-28,2.1000,,2026-02-23 17:47:43.891262+00:00,2026-03-19 14:41:14.998275+00:00
ADM,NYQ,34333751296.00,,48,Higher risk,,,,,,,,,,,,2026-02-23 17:47:45.874807+00:00,2026-03-16 16:13:29.032525+00:00
ADP,NMS,84547985408.00,,100,High-quality compounder,WEAK,211.2600,388.5472,33.25,62.00,2026-04-17,,,2026-04-29,,,2026-02-23 17:47:44.523597+00:00,2026-03-19 14:41:18.492358+00:00
ADSK,NMS,53327540224.00,,92,High-quality compounder,WEAK,249.2400,247.9794,44.07,68.00,2026-04-17,4,0.3989,2026-05-21,2.7700,,2026-02-23 17:47:45.338551+00:00,2026-03-19 14:41:23.559225+00:00
ADT,NYQ,5375898624.00,,63,Higher risk,,,,,,,,,,,,2026-02-23 17:47:50.209324+00:00,2026-03-16 16:13:35.537931+00:00
AEE,NYQ,31081172992.00,,51,Higher risk,,,,,,,,,,,,2026-02-23 17:47:45.955399+00:00,2026-03-16 16:13:29.325609+00:00
AEG,NYQ,10491218944.00,,64,Higher risk,,,,,,,,,,,,2026-02-23 17:47:48.331031+00:00,2026-03-16 16:13:32.535796+00:00
AEIS,NMS,11670718464.00,,77,Quality (selective),WEAK,317.4100,64.3441,83.23,54.00,2026-04-17,5,0.6761,2026-04-29,4.9200,,2026-02-23 17:47:48.078304+00:00,2026-03-19 14:41:22.500404+00:00
AEM,NYQ,103873904640.00,,100,Higher risk,WEAK,183.1686,352.7639,62.76,54.00,2026-04-17,1,0.5275,2026-04-23,3.9700,,2026-02-23 17:47:44.139933+00:00,2026-03-19 14:41:25.549209+00:00
AEP,NMS,72570093568.00,,61,Higher risk,,,,,,,,,,,,2026-02-23 17:47:44.768453+00:00,2026-03-16 16:13:27.555528+00:00
AER,NYQ,22930948096.00,,33,Higher risk,,,,,,,,,,,,2026-02-23 17:47:46.328454+00:00,2026-03-16 16:13:30.071489+00:00
AES,NYQ,10114772992.00,,29,Higher risk,,,,,,,,,,,,2026-02-23 17:47:48.272469+00:00,2026-03-16 16:13:32.697737+00:00
AFG,NYQ,10739718144.00,,67,Quality (selective),,,,,,,,,,,,2026-02-23 17:47:48.406101+00:00,2026-03-16 16:13:32.475528+00:00
AFL,NYQ,56594087936.00,,87,High-quality compounder,WEAK,107.3800,84.3711,56.20,57.00,2026-04-17,,,2026-04-29,,,2026-02-23 17:47:44.970935+00:00,2026-03-19 14:41:28.945401+00:00
AFRM,NMS,15839411200.00,,43,Higher risk,,,,,,,,,,,,2026-02-23 17:47:47.431452+00:00,2026-03-16 16:13:31.149402+00:00
AG,NYQ,10723270656.00,,42,Higher risk,,,,,,,,,,,,2026-02-23 17:47:47.744478+00:00,2026-03-16 16:13:32.469836+00:00
AGCO,NYQ,8848116736.00,,67,Quality (selective),,,,,,,,,,,,2026-02-23 17:47:48.591717+00:00,2026-03-16 16:13:33.186670+00:00
AGI,NYQ,19162054656.00,,88,High-quality compounder,WEAK,38.9600,11.8596,60.20,81.00,2026-04-17,9,0.6218,2026-04-29,4.7300,,2026-02-23 17:47:46.840260+00:00,2026-03-19 14:41:28.454020+00:00
AGNC,NMS,11636646912.00,,54,Higher risk,,,,,,,,,,,,2026-02-23 17:47:48.074478+00:00,2026-03-16 16:13:32.232264+00:00
AGNCM,NMS,8851825664.00,,54,Higher risk,,,,,,,,,,,,2026-02-23 17:47:49.008969+00:00,2026-03-16 16:13:33.171512+00:00
AGNCN,NMS,8804366336.00,,54,Higher risk,,,,,,,,,,,,2026-02-23 17:47:49.036326+00:00,2026-03-16 16:13:33.220227+00:00
AGX,NYQ,6443436032.00,,83,High-quality compounder,WEAK,475.3200,464.3431,80.50,93.00,2026-04-17,1,0.9466,2026-03-26,7.8900,,2026-02-23 17:47:50.406360+00:00,2026-03-19 14:41:34.578592+00:00
AHR,NYQ,10016280576.00,,28,Higher risk,,,,,,,,,,,,2026-02-23 17:47:48.750255+00:00,2026-03-16 16:13:32.721018+00:00
AIG,NYQ,41528471552.00,,57,Higher risk,,,,,,,,,,,,2026-02-23 17:47:45.417607+00:00,2026-03-16 16:13:28.678982+00:00
AIT,NYQ,9719528448.00,,95,High-quality compounder,WEAK,252.6800,347.6712,56.12,48.00,2026-04-17,,,2026-05-07,,,2026-02-23 17:47:48.494123+00:00,2026-03-19 14:41:31.423727+00:00
AIZ,NYQ,11076439040.00,,90,High-quality compounder,WEAK,212.3250,612.9728,53.94,42.20,2026-04-17,,,2026-05-05,,,2026-02-23 17:47:48.347953+00:00,2026-03-19 14:41:35.073126+00:00
AJG,NYQ,54235242496.00,,63,Higher risk,,,,,,,,,,,,2026-02-23 17:47:45.030597+00:00,2026-03-16 16:13:28.071803+00:00
AKAM,NMS,15391464448.00,,74,Quality (selective),,,,,,,,,,,,2026-02-23 17:47:47.766331+00:00,2026-03-16 16:13:31.283781+00:00
AL,NYQ,7242528768.00,,39,Higher risk,,,,,,,,,,,,2026-02-23 17:47:49.675280+00:00,2026-03-16 16:13:34.019139+00:00
ALAB,NMS,21204469760.00,,46,Higher risk,,,,,,,,,,,,2026-02-23 17:47:46.719750+00:00,2026-03-16 16:13:30.272876+00:00
ALB,NYQ,19157833728.00,,37,Higher risk,,,,,,,,,,,,2026-02-23 17:47:46.830834+00:00,2026-03-16 16:13:30.566465+00:00
ALC,NYQ,38756831232.00,,82,High-quality compounder,WEAK,75.3100,96.7905,43.80,48.00,2026-04-17,,,2026-05-05,,,2026-02-23 17:47:45.528266+00:00,2026-03-19 14:41:36.955729+00:00
ALGM,NMS,5894102528.00,,65,Quality (selective),,,,,,,,,,,,2026-02-23 17:47:49.753961+00:00,2026-03-16 16:13:35.036540+00:00
ALGN,NMS,11933460480.00,,83,High-quality compounder,WEAK,178.0300,96.9622,45.98,57.00,2026-04-17,50,0.4591,2026-04-29,2.9100,,2026-02-23 17:47:47.987528+00:00,2026-03-19 14:41:43.054189+00:00
ALK,NYQ,5759586304.00,,22,Higher risk,,,,,,,,,,,,2026-02-23 17:47:50.534806+00:00,2026-02-23 17:48:26.810104+00:00
ALKS,NMS,5288713216.00,,84,High-quality compounder,WEAK,27.0750,53.2584,46.91,28.80,2026-04-17,41,0.5229,2026-05-07,3.0800,,2026-02-23 17:47:50.873469+00:00,2026-03-19 14:41:40.043173+00:00
ALL,NYQ,54463598592.00,,88,High-quality compounder,WEAK,205.6850,1403.1425,56.75,81.87,2026-04-17,,,2026-04-29,,,2026-02-23 17:47:45.062074+00:00,2026-03-19 14:41:42.328157+00:00
ALL-PB,NYQ,33611999232.00,,88,High-quality compounder,,28.0000,1403.1425,32.79,63.62,,,,2026-04-29,,,2026-02-23 17:47:45.880961+00:00,2026-03-17 09:28:07.356976+00:00
ALL-PH,NYQ,31345012736.00,,88,High-quality compounder,,28.0000,1403.1425,32.79,41.00,,,,2026-04-29,,,2026-02-23 17:47:45.896519+00:00,2026-03-17 09:28:07.340935+00:00
ALLE,NYQ,12601361408.00,,99,High-quality compounder,WEAK,142.4300,210.9232,48.60,17.80,2026-04-17,,,2026-04-23,,,2026-02-23 17:47:47.808314+00:00,2026-03-19 14:41:50.461114+00:00
ALLY,NYQ,11283393536.00,,51,Higher risk,,,,,,,,,,,,2026-02-23 17:47:47.254780+00:00,2026-03-16 16:13:31.277256+00:00
ALNY,NMS,41931460608.00,,33,Higher risk,,,,,,,,,,,,2026-02-23 17:47:45.390656+00:00,2026-03-16 16:13:28.646386+00:00
ALSN,NYQ,9446459392.00,,92,High-quality compounder,WEAK,112.1700,89.7900,60.51,100.00,2026-04-17,,,2026-05-07,,,2026-02-23 17:47:48.772587+00:00,2026-03-19 14:41:45.989771+00:00
ALV,NYQ,7907233280.00,,84,High-quality compounder,WEAK,100.3800,136.1939,45.47,24.80,2026-04-17,,0.4110,2026-04-17,2.3400,,2026-02-23 17:47:48.914105+00:00,2026-03-19 14:41:49.442415+00:00
AM,NYQ,10971280384.00,,90,High-quality compounder,WEAK,23.1200,34.5033,72.10,65.00,2026-04-17,,,2026-04-29,,,2026-02-23 17:47:48.538402+00:00,2026-03-19 14:41:53.949148+00:00
AMAT,NMS,274739789824.00,,96,High-quality compounder,WEAK,352.7550,175.9971,74.50,60.00,2026-04-17,17,0.5717,2026-05-14,4.6400,,2026-02-23 17:47:43.647294+00:00,2026-03-19 14:41:53.559914+00:00
AMCR,NYQ,18842222592.00,,60,Higher risk,,,,,,,,,,,,2026-02-23 17:47:46.575867+00:00,2026-03-16 16:13:30.690052+00:00
AMD,NMS,324370235392.00,,91,Higher risk,GOOD,197.6600,64.4408,56.67,35.60,2026-04-17,263,0.5414,2026-05-05,4.1600,,2026-02-23 17:47:43.598922+00:00,2026-03-19 14:41:59.626900+00:00
AME,NYQ,49359212544.00,,98,High-quality compounder,WEAK,211.0600,211.6909,59.74,57.00,2026-04-17,,,2026-05-07,,,2026-02-23 17:47:45.095271+00:00,2026-03-19 14:41:56.057683+00:00
AMG,NYQ,7715829760.00,,75,Higher risk,WEAK,274.6550,488.8715,66.35,57.00,2026-04-17,3,0.5161,2026-05-14,3.0600,,2026-02-23 17:47:49.199092+00:00,2026-03-19 14:42:00.000201+00:00
AMGN,NMS,197110087680.00,,81,High-quality compounder,WEAK,351.1200,985.5629,58.68,54.00,2026-04-17,16,0.3132,2026-05-07,2.0900,,2026-02-23 17:47:43.790354+00:00,2026-03-19 14:42:04.579215+00:00
AMH,NYQ,12019638272.00,,71,Quality (selective),,,,,,,,,,,,2026-02-23 17:47:48.113777+00:00,2026-03-16 16:13:32.070740+00:00
AMH-PG,NYQ,7757768192.00,,71,Quality (selective),,,,,,,,,,,,2026-02-23 17:47:49.352526+00:00,2026-03-16 16:13:33.655898+00:00
AMH-PH,NYQ,8016135680.00,,71,Quality (selective),,,,,,,,,,,,2026-02-23 17:47:49.171973+00:00,2026-03-16 16:13:33.573305+00:00
AMKR,NMS,11046059008.00,,72,Quality (selective),,,,,,,,,,,,2026-02-23 17:47:48.300625+00:00,2026-03-16 16:13:32.361572+00:00
AMP,NYQ,41146081280.00,,85,High-quality compounder,WEAK,432.0800,869.4116,46.04,36.80,2026-04-17,45,0.3857,2026-04-23,2.9900,,2026-02-23 17:47:45.461225+00:00,2026-03-19 14:42:03.509586+00:00
AMRZ,NYQ,31329675264.00,,82,High-quality compounder,WEAK,53.1400,107.1317,,97.00,,,,2026-05-19,,,2026-02-23 17:47:45.751113+00:00,2026-03-19 14:42:05.762457+00:00
AMT,NYQ,86405824512.00,,74,Quality (selective),,,,,,,,,,,,2026-02-23 17:47:44.439153+00:00,2026-03-16 16:13:27.223401+00:00
AMTM,NYQ,6732610560.00,,48,Higher risk,,,,,,,,,,,,2026-02-23 17:47:49.708891+00:00,2026-03-16 16:13:34.359180+00:00
AMX,NYQ,70292635648.00,,82,High-quality compounder,WEAK,23.5500,44.0828,61.97,88.00,2026-04-17,,,2026-04-29,,,2026-02-23 17:47:44.748700+00:00,2026-03-19 14:42:08.602757+00:00
AMZN,NMS,2246819971072.00,,66,Quality (selective),,,,,,,,,,,,2026-02-23 17:47:43.405038+00:00,2026-03-16 16:13:25.983108+00:00
AN,NYQ,6342309376.00,,41,Higher risk,,,,,,,,,,,,2026-02-23 17:47:49.960041+00:00,2026-03-16 16:13:34.664932+00:00
ANET,NYQ,166981222400.00,,100,High-quality compounder,WEAK,134.8900,64.7522,62.66,68.00,2026-04-17,4,0.5191,2026-05-05,4.2100,,2026-02-23 17:47:43.927372+00:00,2026-03-19 14:42:11.574634+00:00
AON,NYQ,69708881920.00,,89,High-quality compounder,WEAK,317.8600,379.8441,43.89,62.00,2026-04-17,3,0.3201,2026-04-24,2.3900,,2026-02-23 17:47:44.798062+00:00,2026-03-19 14:42:11.047961+00:00
AOS,NYQ,9194205184.00,,87,High-quality compounder,WEAK,63.7400,57.9466,43.83,49.00,2026-04-17,,,2026-05-05,,,2026-02-23 17:47:48.444310+00:00,2026-03-19 14:42:14.533336+00:00
APA,NMS,12294918144.00,,96,High-quality compounder,WEAK,38.3600,93.8133,67.09,84.00,2026-04-17,,,2026-05-06,,,2026-02-23 17:47:48.554833+00:00,2026-03-19 14:42:16.301660+00:00
APD,NYQ,64020279296.00,,24,Higher risk,,,,,,,,,,,,2026-02-23 17:47:44.919407+00:00,2026-03-16 16:13:27.827228+00:00
APG,NYQ,17681070080.00,,51,Higher risk,,,,,,,,,,,,2026-02-23 17:47:46.965014+00:00,2026-03-16 16:13:30.857416+00:00
APH,NYQ,168279523328.00,,100,High-quality compounder,GOOD,128.5700,115.9934,68.93,57.00,2026-04-17,25,0.5533,2026-04-22,3.5800,,2026-02-23 17:47:43.860722+00:00,2026-03-19 14:42:20.086707+00:00
APLD,NMS,7758506496.00,,20,Higher risk,,,,,,,,,,,,2026-02-23 17:47:49.234589+00:00,2026-03-16 16:13:33.663662+00:00
APO,NYQ,60152094720.00,,68,Higher risk,,,,,,,,,,,,2026-02-23 17:47:44.864396+00:00,2026-03-16 16:13:27.904221+00:00
APP,NMS,152448122880.00,,100,High-quality compounder,WEAK,418.8500,78.9561,54.24,56.00,2026-04-17,15,0.7147,2026-05-06,5.4100,,2026-02-23 17:47:44.055771+00:00,2026-03-19 14:42:18.666459+00:00
APPF,NGM,6212221440.00,,88,High-quality compounder,WEAK,168.5200,313.7432,39.14,68.00,2026-04-17,3,0.4891,2026-04-23,3.1900,,2026-02-23 17:47:50.395187+00:00,2026-03-19 14:42:23.280099+00:00
APTV,NYQ,15361084416.00,,77,Quality (selective),WEAK,68.4900,186.2205,44.21,37.20,2026-04-17,1,0.4127,2026-05-07,2.5400,,2026-02-23 17:47:47.299262+00:00,2026-03-19 14:42:23.693759+00:00
AQN,NYQ,5157639680.00,,35,Higher risk,,,,,,,,,,,,2026-02-23 17:47:51.019857+00:00,2026-02-23 17:48:27.269311+00:00
AR,NYQ,12757508096.00,,58,Higher risk,,,,,,,,,,,,2026-02-23 17:47:48.489431+00:00,2026-03-16 16:13:31.861118+00:00
ARCC,NMS,12963902464.00,,72,Higher risk,,,,,,,,,,,,2026-02-23 17:47:47.797663+00:00,2026-03-16 16:13:31.792120+00:00
ARE,NYQ,8339213312.00,,43,Higher risk,,,,,,,,,,,,2026-02-23 17:47:48.918773+00:00,2026-03-16 16:13:33.428868+00:00
ARES,NYQ,33323581440.00,,56,Higher risk,,,,,,,,,,,,2026-02-23 17:47:45.654078+00:00,2026-03-16 16:13:29.141336+00:00
ARGX,NMS,43780653056.00,,39,Higher risk,,,,,,,,,,,,2026-02-23 17:47:45.143737+00:00,2026-03-16 16:13:28.518344+00:00
ARM,NMS,128523067392.00,,86,High-quality compounder,WEAK,128.4200,10.2029,54.01,38.60,2026-04-17,4,0.5704,2026-05-06,3.5600,,2026-02-23 17:47:44.037867+00:00,2026-03-19 14:42:26.362209+00:00
ARMK,NYQ,10682969088.00,,39,Higher risk,,,,,,,,,,,,2026-02-23 17:47:48.466537+00:00,2026-03-16 16:13:32.497592+00:00
AROC,NYQ,6204578304.00,,61,Higher risk,,,,,,,,,,,,2026-02-23 17:47:50.568348+00:00,2026-03-16 16:13:34.791177+00:00
ARW,NYQ,7308173824.00,,50,Higher risk,,,,,,,,,,,,2026-02-23 17:47:49.230556+00:00,2026-03-16 16:13:33.990755+00:00
ARWR,NMS,8002840064.00,,20,Higher risk,,,,,,,,,,,,2026-02-23 17:47:49.050653+00:00,2026-03-16 16:13:33.579881+00:00
AS,NYQ,19639076864.00,,44,Higher risk,,,,,,,,,,,,2026-02-23 17:47:46.638329+00:00,2026-03-16 16:13:30.494144+00:00
ASML,NMS,540843671552.00,,93,High-quality compounder,WEAK,1346.7600,540.5137,69.52,51.00,2026-04-17,16,0.5570,2026-04-15,4.1600,,2026-02-23 17:47:43.488739+00:00,2026-03-19 14:42:28.796734+00:00
ASND,NMS,14132090880.00,,29,Higher risk,,,,,,,,,,,,2026-02-23 17:47:47.672548+00:00,2026-03-16 16:13:31.527362+00:00
ASR,NYQ,9787561984.00,,100,High-quality compounder,WEAK,318.9700,1602.6132,54.09,49.00,2026-04-17,,0.3102,2026-04-28,2.2700,1807,2026-02-23 17:47:48.429921+00:00,2026-03-19 14:42:34.103385+00:00
ASTS,NMS,32995708928.00,,30,Higher risk,,,,,,,,,,,,2026-02-23 17:47:45.911439+00:00,2026-03-16 16:13:29.160252+00:00
ASX,NYQ,47400468480.00,,56,Higher risk,,,,,,,,,,,,2026-02-23 17:47:45.177140+00:00,2026-03-16 16:13:28.320378+00:00
ATAT,NMS,5416889344.00,,100,High-quality compounder,WEAK,36.6450,285.9688,60.99,44.00,2026-04-17,1,0.5035,2026-03-17,2.6400,,2026-02-23 17:47:50.769342+00:00,2026-03-19 14:42:31.071850+00:00
ATH-PA,NYQ,7445055488.00,,81,Higher risk,,325.7000,1263.8545,39.13,30.80,,,,2026-05-08,,,2026-02-23 17:47:49.479184+00:00,2026-03-17 09:28:24.337554+00:00
ATI,NYQ,20166610944.00,,78,Quality (selective),WEAK,146.1150,111.5509,74.18,88.00,2026-04-17,99,0.5289,2026-05-07,3.7500,,2026-02-23 17:47:46.699274+00:00,2026-03-19 14:42:33.555775+00:00
ATMU,NYQ,5166014464.00,,83,High-quality compounder,WEAK,55.5000,21.2854,66.68,54.00,2026-04-17,,0.5462,2026-05-01,4.0500,,2026-02-23 17:47:50.991627+00:00,2026-03-19 14:42:41.046690+00:00
ATO,NYQ,31190204416.00,,54,Higher risk,,,,,,,,,,,,2026-02-23 17:47:45.987096+00:00,2026-03-16 16:13:29.312891+00:00
ATR,NYQ,8491774976.00,,99,High-quality compounder,WEAK,122.7400,181.3977,43.13,54.00,2026-04-17,,,2026-04-30,,,2026-02-23 17:47:48.827107+00:00,2026-03-19 14:42:37.498276+00:00
AU,NYQ,47946104832.00,,99,High-quality compounder,WEAK,84.0400,148.7516,61.80,60.00,2026-04-17,21,0.6820,2026-05-08,5.4400,,2026-02-23 17:47:44.950778+00:00,2026-03-19 14:42:39.557812+00:00
AUB,NYQ,5518303232.00,,59,Higher risk,,,,,,,,,,,,2026-02-23 17:47:50.701190+00:00,2026-02-23 17:48:26.949851+00:00
AUGO,NMS,6223320576.00,,60,Higher risk,,,,,,,,,,,,2026-02-23 17:47:50.055212+00:00,2026-03-16 16:13:34.707372+00:00
AUR,NMS,8136295424.00,,27,Higher risk,,,,,,,,,,,,2026-02-23 17:47:48.990469+00:00,2026-03-16 16:13:33.511857+00:00
AVAL,NYQ,5296205824.00,,26,Higher risk,,,,,,,,,,,,2026-02-23 17:47:50.853840+00:00,2026-02-23 17:48:27.078227+00:00
AVAV,NMS,10395386880.00,,40,Higher risk,,,,,,,,,,,,2026-02-23 17:47:47.972326+00:00,2026-03-16 16:13:32.562768+00:00
AVB,NYQ,24109371392.00,,71,Quality (selective),,,,,,,,,,,,2026-02-23 17:47:46.369209+00:00,2026-03-16 16:13:29.905973+00:00
AVGO,NMS,1548642156544.00,,90,High-quality compounder,WEAK,312.6050,244.7078,62.82,62.00,2026-04-17,435,0.4790,2026-06-04,3.4800,,2026-02-23 17:47:43.424856+00:00,2026-03-19 14:42:43.198700+00:00
AVT,NMS,5463944192.00,,55,Higher risk,,,,,,,,,,,,2026-02-23 17:47:50.732184+00:00,2026-02-23 17:48:26.977754+00:00
AVTR,NYQ,5326856704.00,,56,Higher risk,,,,,,,,,,,,2026-02-23 17:48:26.644797+00:00,2026-03-16 16:13:35.568039+00:00
AVY,NYQ,13267594240.00,,83,High-quality compounder,WEAK,162.2400,119.2502,41.17,49.00,2026-04-17,,,2026-04-22,,,2026-02-23 17:47:47.553716+00:00,2026-03-19 14:42:44.598126+00:00
AWI,NYQ,7236022272.00,,97,High-quality compounder,WEAK,165.8100,91.4831,55.99,22.80,2026-04-17,,0.3626,2026-05-05,2.2800,,2026-02-23 17:47:49.116216+00:00,2026-03-19 14:42:47.852348+00:00
AWK,NYQ,26940747776.00,,51,Higher risk,,,,,,,,,,,,2026-02-23 17:47:46.297806+00:00,2026-03-16 16:13:29.621145+00:00
AX,NYQ,5161121280.00,,84,High-quality compounder,WEAK,81.4100,176.2152,55.27,49.00,2026-04-17,1,0.4275,2026-04-29,2.6800,,2026-02-23 17:47:50.985154+00:00,2026-03-19 14:42:48.062314+00:00
AXIA,NYQ,25254811648.00,,61,Higher risk,,,,,,,,,,,,2026-02-23 17:47:46.201516+00:00,2026-03-16 16:13:29.759098+00:00
AXON,NMS,39490965504.00,,51,Higher risk,,,,,,,,,,,,2026-02-23 17:47:45.831629+00:00,2026-03-16 16:13:28.829418+00:00
AXP,NYQ,206462615552.00,,82,High-quality compounder,WEAK,292.2200,391.0992,50.90,28.80,2026-04-17,9,0.3665,2026-04-23,2.4700,,2026-02-23 17:47:43.770404+00:00,2026-03-19 14:42:53.605108+00:00
AXS,NYQ,7830886912.00,,100,High-quality compounder,WEAK,100.7100,387.4908,59.80,54.00,2026-04-17,,0.4101,2026-04-29,2.0300,,2026-02-23 17:47:49.226498+00:00,2026-03-19 14:42:50.597129+00:00
AXSM,NGM,8113934336.00,,37,Higher risk,,,,,,,,,,,,2026-02-23 17:47:49.054214+00:00,2026-03-16 16:13:33.550636+00:00
AXTA,NYQ,5918992896.00,,74,Quality (selective),,,,,,,,,,,,2026-02-23 17:47:49.656987+00:00,2026-03-16 16:13:34.997686+00:00
AYI,NYQ,8074465792.00,,95,High-quality compounder,WEAK,263.0650,225.4823,45.88,30.80,2026-04-17,1,0.5145,2026-04-02,3.8000,,2026-02-23 17:47:48.924002+00:00,2026-03-19 14:42:55.239147+00:00
AZN,NYQ,297468395520.00,,93,High-quality compounder,WEAK,188.1600,878.9894,60.67,60.00,2026-04-17,,,2026-05-05,,,2026-02-23 17:47:43.589149+00:00,2026-03-19 14:42:57.554113+00:00
AZO,NYQ,57841168384.00,,80,High-quality compounder,WEAK,3338.6500,5908.3071,48.94,69.78,2026-04-17,5,0.3243,2026-07-29,2.0400,,2026-02-23 17:47:44.897523+00:00,2026-03-19 14:43:00.231265+00:00
B,NYQ,71662108672.00,,100,High-quality compounder,WEAK,37.3200,37.8481,61.50,57.00,2026-04-17,187,0.5574,2026-05-06,4.5100,,2026-02-23 17:47:44.555919+00:00,2026-03-19 14:43:00.277011+00:00
BA,NYQ,168457486336.00,,8,Higher risk,,,,,,,,,,,,2026-02-23 17:47:43.865002+00:00,2026-03-16 16:13:26.461100+00:00
BABA,NYQ,327431028736.00,,83,High-quality compounder,,125.7700,333.3464,50.14,21.80,2026-04-17,498,0.4099,2026-03-19,2.6900,,2026-02-23 17:47:43.546460+00:00,2026-03-19 14:43:10.342165+00:00
BAC,NYQ,345115951104.00,,34,Higher risk,,,,,,,,,,,,2026-02-23 17:47:43.494963+00:00,2026-03-16 16:13:26.115427+00:00
BAC-PB,NYQ,249829277696.00,,34,Higher risk,,,,,,,,,,,,2026-02-23 17:47:43.711590+00:00,2026-03-16 16:13:26.278301+00:00
BAC-PE,NYQ,234350968832.00,,34,Higher risk,,,,,,,,,,,,2026-02-23 17:47:43.688211+00:00,2026-03-16 16:13:26.265350+00:00
BAC-PK,NYQ,249562431488.00,,34,Higher risk,,,,,,,,,,,,2026-02-23 17:47:43.604927+00:00,2026-03-16 16:13:26.193333+00:00
BAH,NYQ,9069903872.00,,85,High-quality compounder,,79.2000,567.1773,35.23,48.20,2026-04-17,5,0.4505,2026-05-22,2.7000,,2026-02-23 17:47:48.979864+00:00,2026-03-19 14:43:02.620895+00:00
BALL,NYQ,16658353152.00,,65,Quality (selective),,,,,,,,,,,,2026-02-23 17:47:47.048527+00:00,2026-03-16 16:13:31.022089+00:00
BAM,NYQ,71710842880.00,,68,Quality (selective),,,,,,,,,,,,2026-02-23 17:47:44.637498+00:00,2026-03-16 16:13:27.605900+00:00
BAP,NYQ,26357645312.00,,87,High-quality compounder,,323.0000,532.3878,73.96,51.00,2026-04-17,,0.3852,2026-05-14,2.5500,,2026-02-23 17:47:46.129352+00:00,2026-03-19 14:43:04.703086+00:00
BAX,NYQ,8805496832.00,,41,Higher risk,,,,,,,,,,,,2026-02-23 17:47:48.400113+00:00,2026-03-16 16:13:33.206964+00:00
BBD,NYQ,38107418624.00,,23,Higher risk,,,,,,,,,,,,2026-02-23 17:47:45.405687+00:00,2026-03-16 16:13:28.860285+00:00
BBDO,NYQ,33403451392.00,,37,Higher risk,,,,,,,,,,,,2026-02-23 17:47:45.566344+00:00,2026-03-16 16:13:29.009185+00:00
BBIO,NMS,13760714752.00,,32,Higher risk,,,,,,,,,,,,2026-02-23 17:47:47.967430+00:00,2026-03-16 16:13:31.605227+00:00
BBVA,NYQ,118393765888.00,,71,Higher risk,,,,,,,,,,,,2026-02-23 17:47:44.018400+00:00,2026-03-16 16:13:26.849604+00:00
BBY,NYQ,13232177152.00,,63,Higher risk,,,,,,,,,,,,2026-02-23 17:47:47.978269+00:00,2026-03-16 16:13:31.704039+00:00
BC,NYQ,5428604416.00,,53,Higher risk,,,,,,,,,,,,2026-02-23 17:47:50.764156+00:00,2026-02-23 17:48:27.006366+00:00
BCE,NYQ,23981578240.00,,87,High-quality compounder,,25.8950,38.1520,42.39,95.03,2026-04-17,,,2026-04-30,,,2026-02-23 17:47:46.458722+00:00,2026-03-19 14:43:07.651157+00:00
BCH,NYQ,19455889408.00,,68,Quality (selective),,,,,,,,,,,,2026-02-23 17:47:46.728935+00:00,2026-03-16 16:13:30.511758+00:00
BCO,NYQ,5305275392.00,,69,Quality (selective),,,,,,,,,,,,2026-02-23 17:47:50.867358+00:00,2026-02-23 17:48:27.090797+00:00
BCPC,NMS,5464695808.00,,99,High-quality compounder,,164.1100,168.6656,52.42,60.00,2026-04-17,,,2026-04-23,,,2026-02-23 17:47:50.525258+00:00,2026-03-19 14:43:09.613638+00:00
BCS,NYQ,71781138432.00,,62,Higher risk,,,,,,,,,,,,2026-02-23 17:47:44.502565+00:00,2026-03-16 16:13:27.601044+00:00
BDC,NYQ,5716152320.00,,80,High-quality compounder,,112.7500,166.2775,51.47,57.00,2026-04-17,,0.4048,2026-05-07,2.2900,,2026-02-23 17:47:50.582606+00:00,2026-03-19 14:43:13.882653+00:00
BDX,NYQ,58369363968.00,,62,Higher risk,,,,,,,,,,,,2026-02-23 17:47:44.847414+00:00,2026-03-16 16:13:27.977447+00:00
BE,NYQ,42646134784.00,,24,Higher risk,,,,,,,,,,,,2026-02-23 17:47:45.426431+00:00,2026-03-16 16:13:28.554742+00:00
BEKE,NYQ,19632095232.00,,56,Higher risk,,,,,,,,,,,,2026-02-23 17:47:46.960721+00:00,2026-03-16 16:13:30.482241+00:00
BEN,NYQ,12732360704.00,,67,Quality (selective),,,,,,,,,,,,2026-02-23 17:47:47.749908+00:00,2026-03-16 16:13:31.896781+00:00
BEP,NYQ,19753574400.00,,18,Higher risk,,,,,,,,,,,,2026-02-23 17:47:46.795408+00:00,2026-03-16 16:13:30.459446+00:00
BEPC,NYQ,7303326208.00,,38,Higher risk,,,,,,,,,,,,2026-02-23 17:47:49.412139+00:00,2026-03-16 16:13:33.997434+00:00
BF-A,NYQ,10889623552.00,,87,High-quality compounder,,23.5000,28.4074,26.09,49.00,2026-03-20,,,2026-06-10,,,2026-02-23 17:47:47.711809+00:00,2026-03-17 09:28:44.373968+00:00
BF-B,NYQ,10678620160.00,,87,High-quality compounder,,23.5000,28.4074,26.09,49.00,2026-03-20,,,2026-06-10,,,2026-02-23 17:47:47.772528+00:00,2026-03-17 09:28:44.302397+00:00
BG,NYQ,24003833856.00,,37,Higher risk,,,,,,,,,,,,2026-02-23 17:47:46.523232+00:00,2026-03-16 16:13:29.912567+00:00
BHP,NYQ,178212896768.00,,92,High-quality compounder,,65.8600,96.1964,56.24,60.00,2026-04-17,1,0.4064,2026-08-25,2.4000,,2026-02-23 17:47:43.811027+00:00,2026-03-19 14:43:17.102203+00:00
BIDU,NMS,43350851584.00,,75,Quality (selective),,118.3700,433.8182,52.18,30.80,2026-04-17,15,0.4727,2026-05-13,2.3300,,2026-02-23 17:47:45.321898+00:00,2026-03-19 14:43:16.673538+00:00
BIIB,NMS,26900838400.00,,87,High-quality compounder,,183.1800,494.8311,51.33,48.00,2026-04-17,6,0.3823,2026-05-07,2.4600,,2026-02-23 17:47:46.062241+00:00,2026-03-19 14:43:20.426647+00:00
BILI,NMS,10504781824.00,,27,Higher risk,,,,,,,,,,,,2026-02-23 17:47:48.126035+00:00,2026-03-16 16:13:32.530043+00:00
BIO,NYQ,7105895936.00,,51,Higher risk,,,,,,,,,,,,2026-02-23 17:47:49.684859+00:00,2026-03-16 16:13:34.119426+00:00
BIO-B,NYQ,7248269824.00,,51,Higher risk,,,,,,,,,,,,2026-02-23 17:47:49.689334+00:00,2026-03-16 16:13:34.016329+00:00
BIP,NYQ,17833949184.00,,52,Higher risk,,,,,,,,,,,,2026-02-23 17:47:47.052864+00:00,2026-03-16 16:13:30.837274+00:00
BIPC,NYQ,5758244352.00,,64,Higher risk,,,,,,,,,,,,2026-02-23 17:47:50.498286+00:00,2026-03-16 16:13:35.112703+00:00
BIRK,NYQ,7047279616.00,,88,High-quality compounder,,34.4900,39.3562,42.35,47.00,2026-04-17,11,0.5439,2026-05-28,3.8500,,2026-02-23 17:47:49.783030+00:00,2026-03-19 14:43:21.125188+00:00
BJ,NYQ,12891409408.00,,62,Higher risk,,,,,,,,,,,,2026-02-23 17:47:47.993022+00:00,2026-03-16 16:13:31.824686+00:00
BK,NYQ,81157488640.00,,48,Higher risk,,,,,,,,,,,,2026-02-23 17:47:44.590293+00:00,2026-03-16 16:13:27.315997+00:00
BKH,NYQ,5447019520.00,,50,Higher risk,,,,,,,,,,,,2026-02-23 17:47:50.717283+00:00,2026-03-16 16:13:35.493386+00:00
BKNG,NMS,138453581824.00,,96,High-quality compounder,,4336.1750,6287.6594,47.61,68.00,2026-04-17,1,0.3846,2026-05-05,2.9300,,2026-02-23 17:47:44.092271+00:00,2026-03-19 14:43:27.958118+00:00
BKR,NMS,54017007616.00,,70,Quality (selective),,,,,,,,,,,,2026-02-23 17:47:44.912952+00:00,2026-03-16 16:13:28.080907+00:00
BLCO,NYQ,5874764288.00,,28,Higher risk,,,,,,,,,,,,2026-02-23 17:47:50.231752+00:00,2026-03-16 16:13:35.029415+00:00
BLD,NYQ,10377999360.00,,100,High-quality compounder,,348.7600,292.1972,48.28,43.00,2026-04-17,3,0.4475,2026-04-30,2.6100,,2026-02-23 17:47:47.687382+00:00,2026-03-19 14:43:23.635775+00:00
BLDR,NYQ,9707253760.00,,68,Higher risk,,,,,,,,,,,,2026-02-23 17:47:48.194906+00:00,2026-03-16 16:13:32.855581+00:00
BLK,NYQ,145915068416.00,,87,High-quality compounder,,952.3650,451.5766,48.42,38.00,2026-04-17,3,0.4036,2026-04-10,2.7200,,2026-02-23 17:47:43.918618+00:00,2026-03-19 14:43:25.761822+00:00
BLSH,NYQ,5759580672.00,,28,Higher risk,,,,,,,,,,,,2026-03-16 16:13:35.103872+00:00,2026-03-16 16:13:35.103872+00:00
BMA,NYQ,6223344640.00,,81,High-quality compounder,,65.4300,58.7515,49.06,34.80,2026-04-17,5,0.8628,2026-05-27,4.1200,12289,2026-02-23 17:47:50.243954+00:00,2026-03-19 14:43:29.176682+00:00
BML-PG,NYQ,259268739072.00,,34,Higher risk,,,,,,,,,,,,2026-02-23 17:47:43.664420+00:00,2026-03-16 16:13:26.251641+00:00
BML-PH,NYQ,262693994496.00,,34,Higher risk,,,,,,,,,,,,2026-02-23 17:47:43.671133+00:00,2026-03-16 16:13:26.246446+00:00
BML-PJ,NYQ,226783772672.00,,34,Higher risk,,,,,,,,,,,,2026-02-23 17:47:43.716936+00:00,2026-03-16 16:13:26.282304+00:00
BML-PL,NYQ,239016493056.00,,34,Higher risk,,,,,,,,,,,,2026-02-23 17:47:43.701179+00:00,2026-03-16 16:13:26.270307+00:00
BMO,NYQ,98478997504.00,,57,Higher risk,,,,,,,,,,,,2026-02-23 17:47:44.393907+00:00,2026-03-16 16:13:27.177350+00:00
BMRN,NMS,11073979392.00,,80,High-quality compounder,,55.0100,335.3615,39.77,82.37,2026-04-17,1,0.4167,2026-05-07,2.1000,,2026-02-23 17:47:48.097510+00:00,2026-03-19 14:43:35.672446+00:00
BMY,NYQ,120925814784.00,,84,High-quality compounder,,58.8773,339.4857,55.96,83.00,2026-04-17,,,2026-04-30,,,2026-02-23 17:47:44.097350+00:00,2026-03-19 14:43:32.214862+00:00
BN,NYQ,87934984192.00,,36,Higher risk,,,,,,,,,,,,2026-02-23 17:47:44.292463+00:00,2026-03-16 16:13:27.201238+00:00
BNS,NYQ,86593323008.00,,55,Higher risk,,,,,,,,,,,,2026-02-23 17:47:44.351122+00:00,2026-03-16 16:13:27.217659+00:00
BNT,NYQ,11378290688.00,,70,Higher risk,,,,,,,,,,,,2026-02-23 17:47:48.101511+00:00,2026-03-16 16:13:32.289937+00:00
BNTX,NMS,23002820608.00,,81,High-quality compounder,,88.3300,48.5922,43.40,43.00,2026-04-17,1,0.4378,2026-05-11,3.1800,600187,2026-02-23 17:48:22.521109+00:00,2026-03-19 14:43:34.155397+00:00
BOKF,NMS,7671455232.00,,65,Higher risk,,,,,,,,,,,,2026-02-23 17:47:49.221707+00:00,2026-03-16 16:13:33.766953+00:00
BOOT,NYQ,5772533760.00,,66,Quality (selective),,,,,,,,,,,,2026-02-23 17:47:50.529841+00:00,2026-02-23 17:48:26.805480+00:00
BP,NYQ,110471585792.00,,63,Higher risk,,,,,,,,,,,,2026-02-23 17:47:44.304295+00:00,2026-03-16 16:13:26.944614+00:00
BPOP,NMS,8823084032.00,,82,High-quality compounder,,128.0100,85.3329,62.95,57.00,2026-04-17,20,0.4215,2026-04-22,2.0000,,2026-02-23 17:47:48.848190+00:00,2026-03-19 14:43:38.146828+00:00
BPYPP,NMS,10081800192.00,,32,Higher risk,,,,,,,,,,,,2026-02-23 17:47:48.411070+00:00,2026-03-16 16:13:32.703106+00:00
BR,NYQ,20859492352.00,,94,High-quality compounder,,175.9200,220.7321,35.18,68.00,2026-04-17,1,0.3232,2026-05-07,2.5400,,2026-02-23 17:47:46.826695+00:00,2026-03-19 14:43:39.152961+00:00
BRK-A,NYQ,1062523568128.00,,70,Quality (selective),,,,,,,,,,,,2026-02-23 17:47:43.445404+00:00,2026-03-16 16:13:26.063044+00:00
BRK-B,NYQ,1063566049280.00,,68,Quality (selective),,,,,,,,,,,,2026-02-23 17:47:43.439276+00:00,2026-03-16 16:13:26.054851+00:00
BRKR,NMS,5013341184.00,,61,Higher risk,,,,,,,,,,,,2026-02-23 17:47:50.400724+00:00,2026-03-16 16:13:35.861256+00:00
BRO,NYQ,23486337024.00,,76,Quality (selective),,66.6800,189.2096,35.86,68.00,2026-04-17,,,2026-04-27,,,2026-02-23 17:47:46.518389+00:00,2026-03-19 14:43:43.176839+00:00
BROS,NYQ,8189403648.00,,39,Higher risk,,,,,,,,,,,,2026-02-23 17:47:49.420460+00:00,2026-03-16 16:13:33.471075+00:00
BRX,NYQ,9275873280.00,,71,Quality (selective),,,,,,,,,,,,2026-02-23 17:47:48.934228+00:00,2026-03-16 16:13:33.016755+00:00
BSAC,NYQ,14731777024.00,,49,Higher risk,,,,,,,,,,,,2026-02-23 17:47:47.210337+00:00,2026-03-16 16:13:31.470423+00:00
BSBR,NYQ,44214710272.00,,62,Higher risk,,,,,,,,,,,,2026-02-23 17:47:45.120184+00:00,2026-03-16 16:13:28.501500+00:00
BSX,NYQ,103100366848.00,,89,High-quality compounder,,70.9550,97.6415,36.59,21.00,2026-04-17,,,2026-04-22,,,2026-02-23 17:47:44.205581+00:00,2026-03-19 14:43:41.151477+00:00
BSY,NMS,11547311104.00,,86,High-quality compounder,,37.2000,46.5351,39.48,62.00,2026-04-17,,,2026-05-12,,,2026-02-23 17:47:48.674093+00:00,2026-03-19 14:43:56.120894+00:00
BTI,NYQ,132665794560.00,,68,Quality (selective),,,,,,,,,,,,2026-02-23 17:47:44.008695+00:00,2026-03-16 16:13:26.707094+00:00
BTSG,NMS,7512419328.00,,24,Higher risk,,,,,,,,,,,,2026-02-23 17:47:49.779552+00:00,2026-03-16 16:13:33.849385+00:00
BUD,NYQ,142885421056.00,,79,Quality (selective),,69.7000,91.1246,54.94,57.00,2026-04-17,,,2026-05-14,,,2026-02-23 17:47:43.939800+00:00,2026-03-19 14:43:45.180709+00:00
BURL,NYQ,19187075072.00,,54,Higher risk,,,,,,,,,,,,2026-02-23 17:47:46.947116+00:00,2026-03-16 16:13:30.551180+00:00
BVN,NYQ,8975895552.00,,51,Higher risk,,,,,,,,,,,,2026-02-23 17:47:48.789362+00:00,2026-03-16 16:13:33.140989+00:00
BWA,NYQ,11083593728.00,,81,High-quality compounder,,51.4200,111.2998,64.52,40.00,2026-04-17,67,0.4002,2026-05-06,3.6500,,2026-02-23 17:47:48.042030+00:00,2026-03-19 14:43:47.225544+00:00
BWXT,NYQ,18569754624.00,,80,High-quality compounder,,204.0299,72.9102,70.16,51.00,2026-04-17,1,0.5708,2026-05-04,4.1500,,2026-02-23 17:47:47.030945+00:00,2026-03-19 14:43:50.725319+00:00
BX,NYQ,130384805888.00,,89,High-quality compounder,,111.0099,77.4723,40.14,33.00,2026-04-17,3,0.5188,2026-04-16,3.3100,,2026-02-23 17:47:43.999316+00:00,2026-03-19 14:43:52.657927+00:00
BXP,NYQ,9225553920.00,,66,Higher risk,,,,,,,,,,,,2026-02-23 17:47:48.470537+00:00,2026-03-16 16:13:33.031816+00:00
BXSL,NYQ,5470212608.00,,36,Higher risk,,,,,,,,,,,,2026-02-23 17:47:50.799947+00:00,2026-03-16 16:13:35.438862+00:00
BYD,NYQ,6113736704.00,,82,Higher risk,,81.7800,102.1220,57.74,50.00,2026-04-17,2,0.2849,2026-04-23,2.0900,,2026-02-23 17:47:50.026351+00:00,2026-03-19 14:43:54.642804+00:00
BZ,NMS,7067459072.00,,90,High-quality compounder,,13.2800,76.2506,39.81,30.80,2026-04-17,1,0.4751,2026-03-18,2.6000,,2026-02-23 17:47:49.259869+00:00,2026-03-19 14:43:57.643566+00:00
C,NYQ,188174254080.00,,33,Higher risk,,,,,,,,,,,,2026-02-23 17:47:43.676406+00:00,2026-03-16 16:13:26.255522+00:00
CACC,NMS,5281131520.00,,72,Higher risk,,,,,,,,,,,,2026-02-23 17:47:50.896150+00:00,2026-02-23 17:48:27.118281+00:00
CACI,NYQ,13107244032.00,,61,Higher risk,,,,,,,,,,,,2026-02-23 17:47:48.018035+00:00,2026-03-16 16:13:31.724031+00:00
CAE,NYQ,8976757760.00,,38,Higher risk,,,,,,,,,,,,2026-02-23 17:47:48.885130+00:00,2026-03-16 16:13:33.134123+00:00
CAG,NYQ,7699356160.00,,66,Quality (selective),,,,,,,,,,,,2026-02-23 17:47:48.964703+00:00,2026-03-16 16:13:33.759325+00:00
CAH,NYQ,51476557824.00,,43,Higher risk,,,,,,,,,,,,2026-02-23 17:47:45.089355+00:00,2026-03-16 16:13:28.160208+00:00
CAI,NMS,5246095872.00,,31,Higher risk,,,,,,,,,,,,2026-02-23 17:47:50.946262+00:00,2026-03-16 16:13:35.618667+00:00
CAMT,NGM,6967708672.00,,100,High-quality compounder,,164.0650,38.6362,70.04,97.00,2026-04-17,2,0.7735,2026-05-07,5.8700,,2026-02-23 17:47:49.998024+00:00,2026-03-19 14:44:03.664736+00:00
CARR,NYQ,46749585408.00,,67,Quality (selective),,,,,,,,,,,,2026-02-23 17:47:45.101080+00:00,2026-03-16 16:13:28.362831+00:00
CART,NMS,10173152256.00,,76,Quality (selective),,37.0850,155.1703,49.12,42.20,2026-04-17,41,0.4902,2026-05-07,3.0700,,2026-02-23 17:47:48.837923+00:00,2026-03-19 14:43:59.700543+00:00
CASY,NMS,25008689152.00,,68,Quality (selective),,,,,,,,,,,,2026-02-23 17:47:46.420769+00:00,2026-03-16 16:13:29.779259+00:00
CAT,NYQ,327094337536.00,,91,High-quality compounder,,677.4900,246.3244,72.74,57.00,2026-04-17,1,0.4348,2026-04-29,3.4000,,2026-02-23 17:47:43.556763+00:00,2026-03-19 14:44:02.364653+00:00
CAVA,NYQ,10127193088.00,,34,Higher risk,,,,,,,,,,,,2026-02-23 17:47:49.368717+00:00,2026-03-16 16:13:32.691385+00:00
CB,NYQ,130660851712.00,,78,Quality (selective),,325.5643,1516.7010,63.68,87.20,2026-04-17,,,2026-04-28,,,2026-02-23 17:47:44.022502+00:00,2026-03-19 14:44:07.300313+00:00
CBRE,NYQ,40335753216.00,,49,Higher risk,,,,,,,,,,,,2026-02-23 17:47:45.413462+00:00,2026-03-16 16:13:28.783543+00:00
CBSH,NMS,7123244032.00,,81,High-quality compounder,,47.1600,60.2646,39.54,50.00,2026-04-17,,0.5855,2026-04-15,5.3300,,2026-02-23 17:47:49.494861+00:00,2026-03-19 14:44:06.126236+00:00
CCEP,NMS,45339721728.00,,71,Quality (selective),,,,,,,,,,,,2026-02-23 17:47:45.278453+00:00,2026-03-16 16:13:28.427833+00:00
CCI,NYQ,38082031616.00,,66,Quality (selective),,,,,,,,,,,,2026-02-23 17:47:45.601578+00:00,2026-03-16 16:13:28.874560+00:00
CCJ,NYQ,47401308160.00,,82,High-quality compounder,,103.8900,44.0670,64.83,48.00,2026-04-17,5168,0.6375,2026-05-07,4.9800,,2026-02-23 17:47:45.149737+00:00,2026-03-19 14:44:10.693456+00:00
CCK,NYQ,12221686784.00,,77,Quality (selective),,99.7600,262.6656,52.98,51.00,2026-04-17,1,0.3077,2026-04-27,2.3600,,2026-02-23 17:47:47.911017+00:00,2026-03-19 14:44:11.758491+00:00
CCL,NYQ,34247577600.00,,35,Higher risk,,,,,,,,,,,,2026-02-23 17:47:45.475815+00:00,2026-03-16 16:13:29.039439+00:00
CDE,NYQ,12989504512.00,,62,Higher risk,,,,,,,,,,,,2026-02-23 17:47:47.426892+00:00,2026-03-16 16:13:31.784880+00:00
CDNS,NMS,81235673088.00,,100,High-quality compounder,,285.5500,181.4694,48.85,62.00,2026-04-17,1,0.4698,2026-04-27,3.4400,,2026-02-23 17:47:44.657320+00:00,2026-03-19 14:44:14.253040+00:00
CDW,NMS,15365455872.00,,68,Quality (selective),,,,,,,,,,,,2026-02-23 17:47:47.398269+00:00,2026-03-16 16:13:31.304497+00:00
CE,NYQ,6270472704.00,,33,Higher risk,,,,,,,,,,,,2026-02-23 17:47:50.572427+00:00,2026-03-16 16:13:34.682085+00:00
CEG,NMS,109713833984.00,,45,Higher risk,,,,,,,,,,,,2026-02-23 17:47:44.218523+00:00,2026-03-16 16:13:26.970135+00:00
CENX,NMS,5458418688.00,,32,Higher risk,,,,,,,,,,,,2026-03-16 16:13:35.466363+00:00,2026-03-16 16:13:35.466363+00:00
CF,NYQ,18999271424.00,,93,High-quality compounder,,128.8400,338.5719,71.53,76.00,2026-04-17,3,0.6010,2026-05-06,3.4600,,2026-02-23 17:47:47.456200+00:00,2026-03-19 14:44:17.249834+00:00
CFG,NYQ,24272412672.00,,66,Quality (selective),,,,,,,,,,,,2026-02-23 17:47:46.186568+00:00,2026-03-16 16:13:29.875399+00:00
CFLT,NMS,11042116608.00,,36,Higher risk,,,,,,,,,,,,2026-02-23 17:47:48.372302+00:00,2026-03-16 16:13:32.372841+00:00
CFR,NYQ,8415950848.00,,74,Quality (selective),,,,,,,,,,,,2026-02-23 17:47:49.000223+00:00,2026-03-16 16:13:33.391476+00:00
CG,NMS,16581363712.00,,38,Higher risk,,,,,,,,,,,,2026-02-23 17:47:47.109346+00:00,2026-03-16 16:13:31.037427+00:00
CGNX,NMS,8137915904.00,,87,High-quality compounder,,49.0550,16.2367,56.06,43.00,2026-04-17,22,0.5219,2026-04-29,2.5000,,2026-02-23 17:47:48.899324+00:00,2026-03-19 14:44:16.671063+00:00
CGON,NMS,5572723200.00,,36,Higher risk,,,,,,,,,,,,2026-03-16 16:13:35.337982+00:00,2026-03-16 16:13:35.337982+00:00
CHD,NYQ,23467913216.00,,91,High-quality compounder,,95.5400,249.5437,49.45,60.00,2026-04-17,,,2026-05-07,,,2026-02-23 17:47:46.340207+00:00,2026-03-19 14:44:22.191606+00:00
CHDN,NMS,6014104064.00,,48,Higher risk,,,,,,,,,,,,2026-02-23 17:47:50.124899+00:00,2026-03-16 16:13:34.910543+00:00
CHE,NYQ,5618522624.00,,84,High-quality compounder,,382.2700,843.1563,33.73,22.80,2026-04-17,1,0.3225,2026-04-22,2.0100,,2026-02-23 17:47:49.855791+00:00,2026-03-19 14:44:20.182393+00:00
CHKP,NMS,16384477184.00,,94,High-quality compounder,,155.8250,449.4292,40.98,39.80,2026-04-17,3,0.3916,2026-04-22,2.5700,,2026-02-23 17:47:47.292278+00:00,2026-03-19 14:44:24.708448+00:00
CHRD,NMS,7159909888.00,,62,Higher risk,,,,,,,,,,,,2026-02-23 17:47:50.412580+00:00,2026-03-16 16:13:34.096431+00:00
CHRW,NMS,20469211136.00,,81,High-quality compounder,,174.3600,53.8316,70.19,54.00,2026-04-17,2,0.4098,2026-04-29,2.3900,,2026-02-23 17:47:46.758037+00:00,2026-03-19 14:44:26.211006+00:00
CHT,NYQ,33757609984.00,,96,High-quality compounder,,42.9650,76.7272,57.06,60.00,2026-04-17,,0.5814,2026-05-14,6.0000,,2026-02-23 17:47:45.836445+00:00,2026-03-19 14:44:28.548455+00:00
CHTR,NMS,28200241152.00,,67,Higher risk,,,,,,,,,,,,2026-02-23 17:47:46.017545+00:00,2026-03-16 16:13:29.554357+00:00
CHWY,NYQ,10443439104.00,,80,High-quality compounder,,24.4200,25.2534,41.18,45.20,2026-04-17,1,0.7667,2026-03-25,5.2400,,2026-02-23 17:47:48.587274+00:00,2026-03-19 14:44:30.699555+00:00
CHYM,NMS,7699349504.00,,45,Higher risk,,,,,,,,,,,,2026-02-23 17:47:49.647751+00:00,2026-03-16 16:13:33.734158+00:00
CI,NYQ,71677870080.00,,59,Higher risk,,,,,,,,,,,,2026-02-23 17:47:44.681901+00:00,2026-03-16 16:13:27.621222+00:00
CIB,NYQ,17810132992.00,,58,Higher risk,,,,,,,,,,,,2026-02-23 17:47:46.785241+00:00,2026-03-16 16:13:30.851427+00:00
CIEN,NYQ,50290270208.00,,67,Quality (selective),,,,,,,,,,,,2026-02-23 17:47:45.296392+00:00,2026-03-16 16:13:28.184157+00:00
CIFR,NMS,6024125440.00,,33,Higher risk,,,,,,,,,,,,2026-02-23 17:47:50.426837+00:00,2026-03-16 16:13:34.916176+00:00
CIG,NYQ,7153694720.00,,82,High-quality compounder,,2.2250,18.2304,58.74,60.00,2026-04-17,,,2026-03-19,,,2026-02-23 17:47:49.719140+00:00,2026-03-19 14:44:31.973236+00:00
CIG-C,NYQ,8463327232.00,,76,Higher risk,,2.2800,12.2901,54.48,57.00,,,,2026-03-19,,,2026-02-23 17:47:49.077618+00:00,2026-03-17 09:29:12.907934+00:00
CIGI,NMS,5605880832.00,,50,Higher risk,,,,,,,,,,,,2026-02-23 17:47:50.592229+00:00,2026-03-16 16:13:35.282216+00:00
CINF,NMS,26195507200.00,,89,High-quality compounder,,159.0000,629.0958,59.48,75.81,2026-04-17,,,2026-04-27,,,2026-02-23 17:47:46.334630+00:00,2026-03-19 14:44:33.801885+00:00
CL,NYQ,72331689984.00,,95,High-quality compounder,,86.9800,266.2833,49.90,54.00,2026-04-17,,,2026-04-24,,,2026-02-23 17:47:44.626820+00:00,2026-03-19 14:44:37.704330+00:00
CLF,NYQ,6145957888.00,,41,Higher risk,,,,,,,,,,,,2026-02-23 17:47:50.300825+00:00,2026-02-23 17:48:26.605745+00:00
CLH,NYQ,15480004608.00,,72,Quality (selective),,,,,,,,,,,,2026-02-23 17:47:47.565605+00:00,2026-03-16 16:13:31.238993+00:00
CLS,NYQ,31368763392.00,,85,High-quality compounder,,272.3900,82.3096,69.97,44.00,2026-04-17,11,0.7294,2026-04-23,6.0400,,2026-02-23 17:47:45.820874+00:00,2026-03-19 14:44:36.772713+00:00
CLX,NYQ,13616668672.00,,86,High-quality compounder,,106.7800,287.0779,39.59,49.00,2026-04-17,,,2026-05-04,,,2026-02-23 17:47:47.532683+00:00,2026-03-19 14:44:42.264605+00:00
CM,NYQ,89430409216.00,,42,Higher risk,,,,,,,,,,,,2026-02-23 17:47:45.385654+00:00,2026-03-16 16:13:28.538214+00:00
CMC,NYQ,6838332416.00,,75,Quality (selective),,60.2200,75.7821,53.14,45.00,2026-04-17,1,0.5251,2026-03-26,4.0400,,2026-02-23 17:47:49.154288+00:00,2026-03-19 14:44:41.223988+00:00
CMCSA,NMS,110136713216.00,,81,High-quality compounder,,29.0310,228.4593,42.38,78.37,2026-04-17,,,2026-04-23,,,2026-02-23 17:47:44.161142+00:00,2026-03-19 14:44:45.216610+00:00
CME,NMS,112347627520.00,,88,High-quality compounder,,310.0100,541.9379,68.61,94.00,2026-04-17,,,2026-04-22,,,2026-02-23 17:47:44.199092+00:00,2026-03-19 14:44:46.260533+00:00
CMG,NYQ,44461596672.00,,87,High-quality compounder,,32.4250,27.1975,37.14,47.00,2026-04-17,,,2026-04-22,,,2026-02-23 17:47:45.272375+00:00,2026-03-19 14:44:51.712714+00:00
CMI,NYQ,75097071616.00,,79,Quality (selective),,533.1850,218.2550,70.83,57.00,2026-04-17,5,0.3563,2026-05-04,2.7400,,2026-02-23 17:47:44.571131+00:00,2026-03-19 14:44:48.219339+00:00
CMS,NYQ,23971307520.00,,41,Higher risk,,,,,,,,,,,,2026-02-23 17:47:46.550245+00:00,2026-03-16 16:13:29.935452+00:00
CMS-PB,NYQ,6531048448.00,,41,Higher risk,,,,,,,,,,,,2026-02-23 17:47:49.807518+00:00,2026-03-16 16:13:34.487413+00:00
CNA,NYQ,12775783424.00,,78,Quality (selective),,45.4950,369.5574,47.68,60.00,2026-04-17,,1.2637,2026-05-04,6.3200,,2026-02-23 17:47:48.008090+00:00,2026-03-19 14:44:50.450437+00:00
CNC,NYQ,17103795200.00,,40,Higher risk,,,,,,,,,,,,2026-02-23 17:47:46.743328+00:00,2026-03-16 16:13:30.955671+00:00
CNH,NYQ,13133186048.00,,62,Higher risk,,,,,,,,,,,,2026-02-23 17:47:47.388961+00:00,2026-03-16 16:13:31.734362+00:00
CNI,NYQ,65372188672.00,,82,High-quality compounder,,99.5100,54.9029,46.20,93.35,2026-04-17,,,2026-05-07,,,2026-02-23 17:47:44.820156+00:00,2026-03-19 14:44:56.207706+00:00
CNM,NYQ,9499106304.00,,84,High-quality compounder,,46.6700,106.2822,47.04,49.00,2026-04-17,1,0.5683,2026-03-24,5.6100,,2026-02-23 17:47:48.439724+00:00,2026-03-19 14:44:54.190394+00:00
CNP,NYQ,28874766336.00,,38,Higher risk,,,,,,,,,,,,2026-02-23 17:47:46.115281+00:00,2026-03-16 16:13:29.502274+00:00
CNQ,NYQ,101169848320.00,,81,High-quality compounder,,50.4250,58.4532,79.95,76.00,2026-04-17,165,0.3980,2026-04-30,2.1100,,2026-02-23 17:47:44.460277+00:00,2026-03-19 14:44:59.327256+00:00
CNR,NYQ,5038377472.00,,80,Higher risk,,107.6000,1198.3817,60.43,,2026-04-17,,0.4428,2026-05-07,3.7400,,2026-03-16 16:13:35.868358+00:00,2026-03-19 14:44:59.976121+00:00
CNX,NYQ,6060657152.00,,70,Higher risk,,,,,,,,,,,,2026-02-23 17:47:50.736899+00:00,2026-03-16 16:13:34.902625+00:00
COF,NYQ,112955211776.00,,84,High-quality compounder,,178.0050,566.1075,48.10,33.00,2026-04-17,5,0.4513,2026-04-28,2.9400,,2026-02-23 17:47:44.114954+00:00,2026-03-19 14:45:03.755721+00:00
COGT,NMS,5774947840.00,,23,Higher risk,,,,,,,,,,,,2026-02-23 17:47:50.622321+00:00,2026-03-16 16:13:35.074173+00:00
COHR,NYQ,47226679296.00,,47,Higher risk,,,,,,,,,,,,2026-02-23 17:47:45.333479+00:00,2026-03-16 16:13:28.312273+00:00
COIN,NMS,54202527744.00,,75,Higher risk,,195.8800,55.9586,46.43,68.00,2026-04-17,101,0.7170,2026-05-07,5.1500,,2026-02-23 17:47:45.409032+00:00,2026-03-19 14:45:03.927944+00:00
COKE,NMS,14361639936.00,,91,High-quality compounder,,215.5400,191.8509,78.51,65.00,2026-04-17,,,2026-04-29,,,2026-02-23 17:47:48.085751+00:00,2026-03-19 14:45:08.381829+00:00
COLB,NMS,7851333632.00,,62,Higher risk,,,,,,,,,,,,2026-02-23 17:47:48.969852+00:00,2026-03-16 16:13:33.643523+00:00
COMP,NYQ,6242529792.00,,28,Higher risk,,,,,,,,,,,,2026-02-23 17:47:50.047958+00:00,2026-03-16 16:13:34.689317+00:00
COO,NMS,13771174912.00,,75,Quality (selective),,70.6392,50.3685,41.29,77.79,2026-04-17,,,2026-05-28,,2720,2026-02-23 17:47:47.335041+00:00,2026-03-19 14:45:06.762090+00:00
COP,NYQ,148563099648.00,,88,High-quality compounder,,125.4200,585.4819,64.69,94.00,2026-04-17,65,0.3604,2026-05-14,2.1700,,2026-02-23 17:47:44.003676+00:00,2026-03-19 14:45:09.942969+00:00
COR,NYQ,67589689344.00,,65,Quality (selective),,,,,,,,,,,,2026-02-23 17:47:44.762952+00:00,2026-03-16 16:13:27.758776+00:00
CORZ,NMS,5270785024.00,,29,Higher risk,,,,,,,,,,,,2026-02-23 17:47:50.969632+00:00,2026-03-16 16:13:35.625049+00:00
COST,NMS,444752429056.00,,79,Quality (selective),,979.8650,490.9132,59.51,48.00,2026-04-17,,,2026-07-29,,,2026-02-23 17:47:43.514610+00:00,2026-03-19 14:45:13.014559+00:00
CP,NYQ,73821208576.00,,76,Higher risk,,78.5700,60.5223,51.49,100.00,2026-04-17,,,2026-04-29,,,2026-02-23 17:47:44.671068+00:00,2026-03-19 14:45:14.177026+00:00
CPA,NYQ,5829883904.00,,100,High-quality compounder,,109.8100,25.8172,50.86,43.00,2026-04-17,1,0.4132,2026-05-06,3.3800,,2026-02-23 17:47:50.467186+00:00,2026-03-19 14:45:17.314411+00:00
CPAY,NYQ,21407514624.00,,79,Quality (selective),,285.0500,666.8705,46.58,60.00,2026-04-17,,0.4326,2026-05-05,2.4600,,2026-02-23 17:47:46.495333+00:00,2026-03-19 14:45:19.689697+00:00
CPB,NMS,6345787392.00,,66,Quality (selective),,,,,,,,,,,,2026-02-23 17:47:49.273817+00:00,2026-03-16 16:13:34.629725+00:00
CPNG,NYQ,37194555392.00,,40,Higher risk,,,,,,,,,,,,2026-02-23 17:47:45.816622+00:00,2026-03-16 16:13:28.913565+00:00
CPRT,NMS,33237852160.00,,100,High-quality compounder,,32.5800,30.3217,34.14,68.00,2026-04-17,,,2026-05-20,,,2026-02-23 17:47:45.800790+00:00,2026-03-19 14:45:19.782537+00:00
CPT,NYQ,10768271360.00,,67,Quality (selective),,,,,,,,,,,,2026-02-23 17:47:48.286293+00:00,2026-03-16 16:13:32.464884+00:00
CQP,NYQ,30306627584.00,,90,High-quality compounder,,66.5050,302.7321,62.91,91.00,2026-04-17,,,2026-04-30,,,2026-02-23 17:47:46.044729+00:00,2026-03-19 14:45:22.275809+00:00
CR,NYQ,9929783296.00,,70,Quality (selective),,,,,,,,,,,,2026-02-23 17:47:48.291427+00:00,2026-03-16 16:13:32.763585+00:00
CRBG,NYQ,12029472768.00,,64,Higher risk,,,,,,,,,,,,2026-02-23 17:47:47.803027+00:00,2026-03-16 16:13:32.085438+00:00
CRC,NYQ,5542658048.00,,98,High-quality compounder,,64.7100,93.9793,63.46,82.00,2026-04-17,3,0.4402,2026-05-05,3.2000,603404,2026-02-23 17:47:50.974866+00:00,2026-03-19 14:45:24.371006+00:00
CRCL,NYQ,32784199680.00,,45,Higher risk,,,,,,,,,,,,2026-02-23 17:47:47.494961+00:00,2026-03-16 16:13:29.176865+00:00
CRDO,NMS,21125050368.00,,47,Higher risk,,,,,,,,,,,,2026-02-23 17:47:46.710423+00:00,2026-03-16 16:13:30.260801+00:00
CRH,NYQ,68405972992.00,,76,Quality (selective),,99.3300,50.0339,51.33,39.60,2026-04-17,1,0.4014,2026-04-29,2.4200,,2026-02-23 17:47:44.575280+00:00,2026-03-19 14:45:28.812045+00:00
CRK,NYQ,6153874944.00,,34,Higher risk,,,,,,,,,,,,2026-02-23 17:47:50.695310+00:00,2026-03-16 16:13:34.846972+00:00
CRL,NYQ,7546621952.00,,67,Quality (selective),,,,,,,,,,,,2026-02-23 17:47:49.324958+00:00,2026-03-16 16:13:33.795003+00:00
CRM,NYQ,185525993472.00,,90,High-quality compounder,,195.0600,314.5160,39.54,51.00,2026-04-17,27,0.4162,2026-06-03,2.4600,,2026-02-23 17:47:43.909209+00:00,2026-03-19 14:45:27.232974+00:00
CROX,NMS,5060478464.00,,72,Quality (selective),,,,,,,,,,,,2026-02-23 17:47:51.125761+00:00,2026-02-23 17:48:27.364472+00:00
CRS,NYQ,18513670144.00,,55,Higher risk,,,,,,,,,,,,2026-02-23 17:47:46.951938+00:00,2026-03-16 16:13:30.736563+00:00
CRSP,NGM,5065144832.00,,36,Higher risk,,,,,,,,,,,,2026-02-23 17:47:51.120983+00:00,2026-02-23 17:48:27.359912+00:00
CRUS,NMS,6962586112.00,,100,High-quality compounder,,135.1400,154.9719,61.21,51.00,2026-04-17,1,0.4206,2026-05-05,2.7300,,2026-02-23 17:47:49.729797+00:00,2026-03-19 14:45:31.384608+00:00
CRWD,NMS,109120004096.00,,60,Higher risk,,,,,,,,,,,,2026-02-23 17:47:44.467133+00:00,2026-03-16 16:13:26.978667+00:00
CRWV,NMS,44625666048.00,,19,Higher risk,,,,,,,,,,,,2026-02-23 17:47:45.289833+00:00,2026-03-16 16:13:28.468366+00:00
CSAN,NYQ,5020298752.00,,79,Quality (selective),,3.9150,90.0145,33.30,57.00,,,,2026-05-14,,8762,2026-02-23 17:47:51.143194+00:00,2026-03-19 14:45:30.575516+00:00
CSCO,NMS,311524065280.00,,83,High-quality compounder,,77.8499,68.3314,71.48,77.01,2026-04-17,,,2026-05-13,,,2026-02-23 17:47:43.630913+00:00,2026-03-19 14:45:33.892673+00:00
CSGP,NMS,18533769216.00,,57,Higher risk,,,,,,,,,,,,2026-02-23 17:47:46.805929+00:00,2026-03-16 16:13:30.773607+00:00
CSL,NYQ,14154722304.00,,97,High-quality compounder,,332.9800,556.2095,47.90,57.00,2026-04-17,2,0.3844,2026-04-22,2.4700,,2026-02-23 17:47:47.280825+00:00,2026-03-19 14:45:35.829412+00:00
CSW,NYQ,5028956672.00,,100,High-quality compounder,,257.2300,194.1476,48.16,33.60,2026-04-17,,0.5541,2026-05-28,2.5000,,2026-02-23 17:47:51.132123+00:00,2026-03-19 14:45:37.831900+00:00
CSX,NMS,74066149376.00,,72,Quality (selective),,,,,,,,,,,,2026-02-23 17:47:44.647851+00:00,2026-03-16 16:13:27.513103+00:00
CTA-PA,NYQ,47729332224.00,,83,Higher risk,,252.6100,139.6717,31.41,69.33,,,,2026-05-06,,,2026-02-23 17:47:45.316341+00:00,2026-03-17 09:29:38.428815+00:00
CTA-PB,NYQ,59184369664.00,,82,High-quality compounder,,252.6100,143.0138,31.41,60.00,,,,2026-05-06,,,2026-02-23 17:47:44.957898+00:00,2026-03-17 09:29:38.420801+00:00
CTAS,NMS,77718364160.00,,100,High-quality compounder,,184.6100,132.3180,49.31,89.34,2026-04-17,,,2026-03-25,,,2026-02-23 17:47:44.600294+00:00,2026-03-19 14:45:39.807189+00:00
CTRA,NYQ,24706734080.00,,90,Higher risk,,34.3750,22.2976,68.38,94.00,2026-04-17,,,2026-05-04,,,2026-02-23 17:47:46.528162+00:00,2026-03-19 14:45:44.191021+00:00
CTRE,NYQ,9070129152.00,,88,Higher risk,,40.0750,110.9651,73.60,60.00,2026-04-17,,,2026-05-07,,,2026-02-23 17:47:48.944833+00:00,2026-03-19 14:45:44.357240+00:00
CTSH,NMS,29489698816.00,,93,High-quality compounder,,61.1400,99.3999,40.28,41.00,2026-04-17,4,0.4473,2026-04-29,2.4800,,2026-02-23 17:47:45.992096+00:00,2026-03-19 14:45:48.437343+00:00
CTVA,NYQ,53457158144.00,,82,High-quality compounder,,77.3000,143.0138,61.85,91.58,2026-04-17,,,2026-05-05,,,2026-02-23 17:47:45.154737+00:00,2026-03-19 14:45:47.865046+00:00
CUBE,NYQ,8946871296.00,,76,Quality (selective),,38.2400,66.2488,44.76,93.97,2026-04-17,,,2026-05-07,,,2026-02-23 17:47:48.929060+00:00,2026-03-19 14:45:52.183373+00:00
CUK,NYQ,32342720512.00,,35,Higher risk,,,,,,,,,,,,2026-02-23 17:47:45.575451+00:00,2026-03-16 16:13:29.256577+00:00
CVE,NYQ,44071927808.00,,69,Quality (selective),,,,,,,,,,,,2026-02-23 17:47:45.446260+00:00,2026-03-16 16:13:28.510152+00:00
CVNA,NYQ,68066811904.00,,67,Higher risk,,,,,,,,,,,,2026-02-23 17:47:44.783774+00:00,2026-03-16 16:13:27.727031+00:00
CVS,NYQ,96987013120.00,,45,Higher risk,,,,,,,,,,,,2026-02-23 17:47:44.297949+00:00,2026-03-16 16:13:27.098406+00:00
CVX,NYQ,393672720384.00,,76,Quality (selective),,201.2700,135.0046,67.67,85.00,2026-04-17,,,2026-05-01,,,2026-02-23 17:47:43.540538+00:00,2026-03-19 14:45:54.920856+00:00
CW,NYQ,24863150080.00,,90,High-quality compounder,,673.9850,326.9600,78.18,60.00,2026-04-17,1,0.4620,2026-05-06,3.3200,,2026-02-23 17:47:46.283600+00:00,2026-03-19 14:45:55.070370+00:00
CWAN,NYQ,6976874496.00,,51,Higher risk,,,,,,,,,,,,2026-02-23 17:47:49.892790+00:00,2026-03-16 16:13:34.166749+00:00
CWEN,NYQ,8030353920.00,,65,Higher risk,,,,,,,,,,,,2026-02-23 17:47:49.267512+00:00,2026-02-23 17:48:25.564052+00:00
CWEN-A,NYQ,7749227520.00,,65,Higher risk,,,,,,,,,,,,2026-02-23 17:47:49.427562+00:00,2026-02-23 17:48:25.656015+00:00
CWST,NMS,5609307136.00,,52,Higher risk,,,,,,,,,,,,2026-02-23 17:47:50.417535+00:00,2026-03-16 16:13:35.304050+00:00
CX,NYQ,15415098368.00,,64,Higher risk,,,,,,,,,,,,2026-02-23 17:47:47.090852+00:00,2026-03-16 16:13:31.261644+00:00
CYTK,NMS,7368830976.00,,15,Higher risk,,,,,,,,,,,,2026-02-23 17:47:49.167261+00:00,2026-03-16 16:13:33.934847+00:00
CZR,NMS,5535386624.00,,36,Higher risk,,,,,,,,,,,,2026-03-16 16:13:35.398254+00:00,2026-03-16 16:13:35.398254+00:00
D,NYQ,55728189440.00,,39,Higher risk,,,,,,,,,,,,2026-02-23 17:47:45.037821+00:00,2026-03-16 16:13:28.021308+00:00
DAL,NYQ,39432765440.00,,78,Quality (selective),,63.0450,158.5078,57.19,37.20,2026-04-17,1013,0.5672,2026-04-08,4.1100,,2026-02-23 17:47:45.400038+00:00,2026-03-19 14:45:58.976923+00:00
DAR,NYQ,8783464448.00,,48,Higher risk,,,,,,,,,,,,2026-02-23 17:47:49.238589+00:00,2026-03-16 16:13:33.232304+00:00
DASH,NMS,71754203136.00,,69,Higher risk,,,,,,,,,,,,2026-02-23 17:47:44.757948+00:00,2026-03-16 16:13:27.576788+00:00
DB,NYQ,57615888384.00,,35,Higher risk,,,,,,,,,,,,2026-02-23 17:47:44.707244+00:00,2026-03-16 16:13:27.895760+00:00
DBX,NMS,6408447488.00,,91,Higher risk,,25.3000,334.4101,45.62,68.00,2026-04-17,,,2026-04-30,,,2026-02-23 17:47:50.190565+00:00,2026-03-19 14:45:58.187916+00:00
DCI,NYQ,9976238080.00,,92,High-quality compounder,,83.3950,48.1685,55.28,37.00,2026-04-17,10,0.4043,2026-06-09,2.3800,,2026-02-23 17:47:48.109774+00:00,2026-03-19 14:46:04.433523+00:00
DD,NYQ,19103180800.00,,54,Higher risk,,,,,,,,,,,,2026-02-23 17:47:46.790448+00:00,2026-03-16 16:13:30.650999+00:00
DDOG,NMS,44818808832.00,,70,Quality (selective),,,,,,,,,,,,2026-02-23 17:47:45.684855+00:00,2026-03-16 16:13:28.451881+00:00
DDS,NYQ,9174984704.00,,76,Higher risk,,578.3100,558.0864,60.53,44.00,,,,2026-05-21,,1644,2026-02-23 17:47:48.733155+00:00,2026-03-19 14:46:00.222781+00:00
DE,NYQ,155581808640.00,,72,Quality (selective),,,,,,,,,,,,2026-02-23 17:47:43.878131+00:00,2026-03-16 16:13:26.521283+00:00
DECK,NYQ,14975281152.00,,100,High-quality compounder,,105.2300,209.8930,46.58,51.00,2026-04-17,52,0.4324,2026-05-21,2.6800,,2026-02-23 17:47:47.229469+00:00,2026-03-19 14:46:03.955923+00:00
DELL,NYQ,104316657664.00,,68,Quality (selective),,,,,,,,,,,,2026-02-23 17:47:44.595294+00:00,2026-03-16 16:13:27.031640+00:00
DEO,NYQ,42873716736.00,,80,High-quality compounder,,75.1350,373.2873,30.18,20.20,2026-04-17,,,2026-08-06,,,2026-02-23 17:47:45.012504+00:00,2026-03-19 14:46:10.014926+00:00
DG,NYQ,29636804608.00,,56,Higher risk,,,,,,,,,,,,2026-02-23 17:47:45.843206+00:00,2026-03-16 16:13:29.441325+00:00
DGX,NYQ,22244022272.00,,65,Quality (selective),,,,,,,,,,,,2026-02-23 17:47:46.605889+00:00,2026-03-16 16:13:30.141391+00:00
DHI,NYQ,40966438912.00,,87,High-quality compounder,,137.0600,174.2836,48.19,43.00,2026-04-17,1,0.3967,2026-04-21,2.2100,,2026-02-23 17:47:45.327001+00:00,2026-03-19 14:46:06.515670+00:00
DHR,NYQ,134285754368.00,,86,High-quality compounder,,187.6150,174.6749,38.99,29.00,2026-04-17,5,0.3380,2026-04-28,2.0600,,2026-02-23 17:47:43.971415+00:00,2026-03-19 14:46:10.471550+00:00
DINO,NYQ,10433544192.00,,53,Higher risk,,,,,,,,,,,,2026-02-23 17:47:48.904526+00:00,2026-03-16 16:13:32.569933+00:00
DIS,NYQ,175458910208.00,,85,High-quality compounder,,99.4750,173.4420,45.13,31.20,2026-04-17,,,2026-05-06,,,2026-02-23 17:47:43.856749+00:00,2026-03-19 14:46:14.010453+00:00
DKNG,NMS,12546356224.00,,37,Higher risk,,,,,,,,,,,,2026-02-23 17:47:48.448278+00:00,2026-03-16 16:13:31.926492+00:00
DKS,NYQ,17090042880.00,,77,Quality (selective),,189.0100,145.8724,48.38,44.00,2026-04-17,3,0.4471,2026-05-27,2.8300,,2026-02-23 17:47:46.985382+00:00,2026-03-19 14:46:14.836270+00:00
DLB,NYQ,5879042560.00,,90,High-quality compounder,,61.7100,97.2914,34.99,68.00,2026-04-17,,,2026-05-07,,,2026-02-23 17:47:50.353049+00:00,2026-03-19 14:46:17.520548+00:00
DLR,NYQ,63716876288.00,,48,Higher risk,,,,,,,,,,,,2026-02-23 17:47:44.937353+00:00,2026-03-16 16:13:27.835892+00:00
DLR-PJ,NYQ,21805422592.00,,48,Higher risk,,,,,,,,,,,,2026-02-23 17:47:46.632893+00:00,2026-03-16 16:13:30.189613+00:00
DLR-PK,NYQ,23670016000.00,,48,Higher risk,,,,,,,,,,,,2026-02-23 17:47:46.352710+00:00,2026-03-16 16:13:29.957328+00:00
DLTR,NMS,23360436224.00,,50,Higher risk,,,,,,,,,,,,2026-02-23 17:47:46.223626+00:00,2026-03-16 16:13:30.006438+00:00
DOC,NYQ,11999933440.00,,64,Higher risk,,,,,,,,,,,,2026-02-23 17:47:48.155220+00:00,2026-03-16 16:13:32.100677+00:00
DOCN,NYQ,6745613312.00,,79,Quality (selective),,82.2400,15.5214,77.34,51.00,2026-04-17,,0.8693,2026-05-12,7.1200,,2026-02-23 17:47:50.812272+00:00,2026-03-19 14:46:20.011089+00:00
DOCU,NMS,9422831616.00,,72,Quality (selective),,,,,,,,,,,,2026-02-23 17:47:49.184985+00:00,2026-03-16 16:13:32.935058+00:00
DOO,NMS,5738923520.00,,59,Higher risk,,,,,,,,,,,,2026-02-23 17:47:50.562718+00:00,2026-02-23 17:48:26.830590+00:00
DOV,NYQ,28394829824.00,,81,High-quality compounder,,209.4200,86.2540,60.00,57.00,2026-04-17,,,2026-04-23,,,2026-02-23 17:47:45.921359+00:00,2026-03-19 14:46:22.495041+00:00
DOW,NYQ,26043025408.00,,40,Higher risk,,,,,,,,,,,,2026-02-23 17:47:46.714410+00:00,2026-03-16 16:13:29.708937+00:00
DOX,NMS,7175945216.00,,90,High-quality compounder,,64.7350,109.5154,31.84,33.00,2026-04-17,,,2026-05-06,,,2026-02-23 17:48:25.776492+00:00,2026-03-19 14:46:22.280007+00:00
DPZ,NMS,13360423936.00,,78,Quality (selective),,376.2900,235.5091,41.89,68.00,2026-04-17,,,2026-04-27,,,2026-02-23 17:47:47.868088+00:00,2026-03-19 14:46:25.548156+00:00
DRI,NYQ,23929229312.00,,70,Quality (selective),,,,,,,,,,,,2026-02-23 17:47:46.407128+00:00,2026-03-16 16:13:29.940802+00:00
DRS,NMS,12032388096.00,,70,Higher risk,,,,,,,,,,,,2026-02-23 17:47:48.551215+00:00,2026-03-16 16:13:32.063211+00:00
DSGX,NMS,6142898688.00,,98,High-quality compounder,,71.7600,172.7657,38.35,56.00,2026-04-17,,,2026-06-03,,4694,2026-02-23 17:47:50.793370+00:00,2026-03-19 14:46:26.450193+00:00
DT,NYQ,11857230848.00,,86,High-quality compounder,,38.6700,61.6950,39.44,68.00,2026-04-17,11,0.4666,2026-05-20,3.8700,,2026-02-23 17:47:48.581830+00:00,2026-03-19 14:46:29.479240+00:00
DTE,NYQ,31007436800.00,,39,Higher risk,,,,,,,,,,,,2026-02-23 17:47:45.975458+00:00,2026-03-16 16:13:29.340477+00:00
DTM,NYQ,13902273536.00,,72,Quality (selective),,,,,,,,,,,,2026-02-23 17:47:47.739416+00:00,2026-03-16 16:13:31.573778+00:00
DUK,NYQ,103873503232.00,,55,Higher risk,,,,,,,,,,,,2026-02-23 17:47:44.286298+00:00,2026-03-16 16:13:27.046279+00:00
DUK-PA,NYQ,61706203136.00,,55,Higher risk,,,,,,,,,,,,2026-02-23 17:47:44.924096+00:00,2026-03-16 16:13:27.867092+00:00
DVA,NYQ,9993524224.00,,77,Quality (selective),,151.5250,445.9425,56.70,100.00,2026-04-17,6,0.3903,2026-04-30,2.4100,,2026-02-23 17:47:48.568539+00:00,2026-03-19 14:46:32.516916+00:00
DVN,NYQ,29009637376.00,,74,Quality (selective),,,,,,,,,,,,2026-02-23 17:47:46.134316+00:00,2026-03-16 16:13:29.492759+00:00
DXCM,NMS,25850277888.00,,100,High-quality compounder,,67.8750,72.8824,43.11,60.00,2026-04-17,1,0.4258,2026-05-07,2.8800,,2026-02-23 17:47:46.035720+00:00,2026-03-19 14:46:32.018833+00:00
DY,NYQ,10579442688.00,,55,Higher risk,,,,,,,,,,,,2026-02-23 17:47:48.023035+00:00,2026-03-16 16:13:32.516540+00:00
E,NYQ,77089005568.00,,64,Higher risk,,,,,,,,,,,,2026-02-23 17:47:44.876459+00:00,2026-03-16 16:13:27.438373+00:00
EA,NMS,50003193856.00,,92,High-quality compounder,,200.4300,194.8031,67.52,48.20,2026-04-17,,,2026-05-06,,,2026-02-23 17:47:45.188691+00:00,2026-03-19 14:46:37.212274+00:00
EAT,NYQ,6451412480.00,,80,High-quality compounder,,139.6200,121.5497,54.73,37.20,2026-04-17,1,0.5451,2026-05-05,2.9600,,2026-02-23 17:47:50.292553+00:00,2026-03-19 14:46:35.129761+00:00
EBAY,NMS,41156861952.00,,73,Higher risk,,,,,,,,,,,,2026-02-23 17:47:45.634328+00:00,2026-03-16 16:13:28.711273+00:00
EC,NYQ,30452969472.00,,95,High-quality compounder,,15.1650,116.2443,68.67,89.00,2026-04-17,1,0.5302,2026-05-12,2.8600,2890,2026-02-23 17:47:46.159229+00:00,2026-03-19 14:46:41.489047+00:00
ECG,NYQ,5819866624.00,,77,Quality (selective),,114.0600,18.5563,70.77,85.00,,,,2026-05-19,,,2026-02-23 17:47:50.836947+00:00,2026-03-19 14:46:39.244728+00:00
ECL,NYQ,77552754688.00,,83,High-quality compounder,,258.5400,190.3282,51.84,57.00,2026-04-17,,,2026-05-05,,,2026-02-23 17:47:44.497681+00:00,2026-03-19 14:46:47.709422+00:00
ED,NYQ,41638330368.00,,42,Higher risk,,,,,,,,,,,,2026-02-23 17:47:45.551712+00:00,2026-03-16 16:13:28.660060+00:00
EDU,NYQ,9090811904.00,,65,Quality (selective),,,,,,,,,,,,2026-02-23 17:47:48.627484+00:00,2026-03-16 16:13:33.095553+00:00
EFX,NYQ,22752440320.00,,81,High-quality compounder,,182.1900,82.0310,37.95,68.00,2026-04-17,1,0.4149,2026-04-28,2.9700,,2026-02-23 17:47:46.535365+00:00,2026-03-19 14:46:43.532504+00:00
EG,NYQ,13060155392.00,,76,Quality (selective),,316.9100,3822.8846,42.78,60.00,2026-04-17,,,2026-04-29,,,2026-02-23 17:47:47.667605+00:00,2026-03-19 14:46:45.474381+00:00
EGO,NYQ,7316340736.00,,50,Higher risk,,,,,,,,,,,,2026-02-23 17:47:49.031222+00:00,2026-03-16 16:13:33.975552+00:00
EGP,NYQ,10146941952.00,,74,Higher risk,,,,,,,,,,,,2026-02-23 17:47:48.559534+00:00,2026-03-16 16:13:32.683496+00:00
EHC,NYQ,10221073408.00,,99,High-quality compounder,,97.7700,137.0098,49.14,62.00,2026-04-17,4,0.3525,2026-04-23,2.5300,,2026-02-23 17:47:48.479208+00:00,2026-03-19 14:46:48.029866+00:00
EIX,NYQ,27916580864.00,,52,Higher risk,,,,,,,,,,,,2026-02-23 17:47:46.071633+00:00,2026-03-16 16:13:29.564027+00:00
EL,NYQ,32368238592.00,,53,Higher risk,,,,,,,,,,,,2026-02-23 17:47:45.519124+00:00,2026-03-16 16:13:29.216714+00:00
ELAN,NYQ,11414978560.00,,53,Higher risk,,,,,,,,,,,,2026-02-23 17:47:48.121821+00:00,2026-03-16 16:13:32.276759+00:00
ELF,NYQ,5310057984.00,,81,High-quality compounder,,70.6100,120.7820,42.04,83.35,2026-04-17,15,0.6757,2026-05-27,4.2700,,2026-02-23 17:47:50.860505+00:00,2026-03-19 14:46:49.998674+00:00
ELPC,NYQ,8173913600.00,,63,Higher risk,,,,,,,,,,,,2026-02-23 17:47:49.179994+00:00,2026-03-16 16:13:33.495195+00:00
ELS,NYQ,13583507456.00,,91,High-quality compounder,,66.1100,53.5151,51.97,93.79,2026-04-17,,,2026-04-20,,,2026-02-23 17:47:47.832278+00:00,2026-03-19 14:46:53.462350+00:00
ELV,NYQ,64918077440.00,,55,Higher risk,,,,,,,,,,,,2026-02-23 17:47:44.692106+00:00,2026-03-16 16:13:27.815657+00:00
EMA,NYQ,16275739648.00,,42,Higher risk,,,,,,,,,,,,2026-02-23 17:47:47.451387+00:00,2026-03-16 16:13:31.081264+00:00
EMAT,NGM,5825330688.00,,20,Higher risk,,,,,,,,,,,,2026-02-23 17:47:50.482550+00:00,2026-02-23 17:48:26.769857+00:00
EMBJ,NYQ,10752953344.00,,43,Higher risk,,,,,,,,,,,,2026-02-23 17:47:47.921912+00:00,2026-03-16 16:13:32.457949+00:00
EME,NYQ,32568954880.00,,92,High-quality compounder,,735.4550,622.5097,75.97,57.00,2026-04-17,1,0.3913,2026-04-23,2.8500,,2026-02-23 17:47:45.716656+00:00,2026-03-19 14:46:55.287068+00:00
EMN,NYQ,8036216832.00,,64,Higher risk,,,,,,,,,,,,2026-02-23 17:47:49.067692+00:00,2026-03-16 16:13:33.565094+00:00
EMR,NYQ,74735575040.00,,74,Quality (selective),,,,,,,,,,,,2026-02-23 17:47:44.565902+00:00,2026-03-16 16:13:27.506866+00:00
ENB,NYQ,118440648704.00,,59,Higher risk,,,,,,,,,,,,2026-02-23 17:47:44.172123+00:00,2026-03-16 16:13:26.842198+00:00
ENIC,NYQ,5581741056.00,,59,Higher risk,,,,,,,,,,,,2026-02-23 17:47:50.553238+00:00,2026-03-16 16:13:35.330151+00:00
ENLT,NMS,10561070080.00,,34,Higher risk,,,,,,,,,,,,2026-02-23 17:47:48.738489+00:00,2026-03-16 16:13:32.541595+00:00
ENPH,NGM,5909935104.00,,77,Quality (selective),,42.7800,59.9176,39.03,57.00,2026-04-17,7,0.7219,2026-04-28,5.0200,,2026-02-23 17:47:50.380112+00:00,2026-03-19 14:46:55.983116+00:00
ENS,NYQ,5969037824.00,,71,Quality (selective),,,,,,,,,,,,2026-02-23 17:47:50.308751+00:00,2026-03-16 16:13:34.945490+00:00
ENSG,NMS,12180728832.00,,63,Higher risk,,,,,,,,,,,,2026-02-23 17:47:48.048659+00:00,2026-03-16 16:13:32.020072+00:00
ENTG,NMS,16940647424.00,,67,Quality (selective),,,,,,,,,,,,2026-02-23 17:47:46.855702+00:00,2026-03-16 16:13:30.982124+00:00
EOG,NYQ,73136840704.00,,100,High-quality compounder,,139.6707,317.4497,61.37,76.00,2026-04-17,2,0.3805,2026-04-30,2.7000,,2026-02-23 17:47:44.835275+00:00,2026-03-19 14:47:01.947985+00:00
EPAM,NYQ,7570448384.00,,88,High-quality compounder,,135.8100,151.6538,39.60,21.00,2026-04-17,10,0.5102,2026-04-30,3.5800,,2026-02-23 17:47:49.665616+00:00,2026-03-19 14:46:59.489794+00:00
EPD,NYQ,80666099712.00,,65,Quality (selective),,,,,,,,,,,,2026-02-23 17:47:44.632325+00:00,2026-03-16 16:13:27.347755+00:00
EPRT,NYQ,6950623744.00,,74,Higher risk,,,,,,,,,,,,2026-02-23 17:47:49.848172+00:00,2026-03-16 16:13:34.217173+00:00
EQH,NYQ,10787931136.00,,56,Higher risk,,,,,,,,,,,,2026-02-23 17:47:48.277797+00:00,2026-03-16 16:13:32.450725+00:00
EQIX,NMS,96798785536.00,,41,Higher risk,,,,,,,,,,,,2026-02-23 17:47:44.379303+00:00,2026-03-16 16:13:27.084531+00:00
EQNR,NYQ,89556262912.00,,86,High-quality compounder,,41.9700,432.8292,74.24,76.00,2026-04-17,,0.5456,2026-04-29,4.1900,,2026-02-23 17:47:44.733846+00:00,2026-03-19 14:47:04.481949+00:00
EQPT,NMS,6420277760.00,,36,Higher risk,,,,,,,,,,,,2026-02-23 17:47:49.704272+00:00,2026-03-16 16:13:34.564747+00:00
EQR,NYQ,23630268416.00,,76,Quality (selective),,59.7750,124.5824,40.96,54.00,2026-04-17,,,2026-05-05,,,2026-02-23 17:47:46.391792+00:00,2026-03-19 14:47:04.971742+00:00
EQT,NYQ,40259428352.00,,78,Higher risk,,66.6400,220.9782,66.75,97.00,2026-04-17,12,0.4304,2026-04-28,2.2500,,2026-02-23 17:47:45.669612+00:00,2026-03-19 14:47:09.539556+00:00
ERIC,NMS,39818559488.00,,85,High-quality compounder,,11.3600,16.1586,68.50,97.00,2026-04-17,7,0.5011,2026-04-21,4.0900,,2026-02-23 17:47:45.650290+00:00,2026-03-19 14:47:09.274108+00:00
ERIE,NMS,12926055424.00,,97,Higher risk,,241.7800,433.6106,33.39,50.60,2026-04-17,2,0.4317,2026-04-23,2.4300,,2026-02-23 17:47:47.754876+00:00,2026-03-19 14:47:11.709831+00:00
ES,NYQ,27339907072.00,,36,Higher risk,,,,,,,,,,,,2026-02-23 17:47:46.106502+00:00,2026-03-16 16:13:29.600534+00:00
ESAB,NYQ,6133699072.00,,78,Quality (selective),,95.0400,42.1871,43.88,43.00,2026-04-17,1,0.6088,2026-05-07,2.6100,,2026-02-23 17:47:49.487439+00:00,2026-03-19 14:47:14.445114+00:00
ESE,NYQ,6858880512.00,,91,High-quality compounder,,263.1600,122.1935,73.54,100.00,2026-04-17,,,2026-05-06,,,2026-02-23 17:47:49.774552+00:00,2026-03-19 14:47:16.013163+00:00
ESI,NYQ,7621569024.00,,76,Quality (selective),,31.1000,16.3970,60.83,54.00,2026-04-17,,0.4925,2026-04-22,3.5800,,2026-02-23 17:47:49.088982+00:00,2026-03-19 14:47:20.951904+00:00
ESLT,NMS,41352441856.00,,55,Higher risk,,,,,,,,,,,,2026-02-23 17:47:45.745785+00:00,2026-03-16 16:13:28.672317+00:00
ESNT,NYQ,5667474944.00,,89,High-quality compounder,,57.2100,139.9878,48.93,45.20,2026-04-17,1,0.4989,2026-05-08,4.3600,,2026-02-23 17:47:50.557788+00:00,2026-03-19 14:47:17.935057+00:00
ESS,NYQ,17243502592.00,,83,High-quality compounder,,246.0700,709.8826,43.18,68.00,2026-04-17,,,2026-05-05,,,2026-02-23 17:47:47.124196+00:00,2026-03-19 14:47:21.528476+00:00
ESTC,NYQ,5677486592.00,,51,Higher risk,,,,,,,,,,,,2026-02-23 17:47:50.508986+00:00,2026-03-16 16:13:35.251298+00:00
ET,NYQ,64798670848.00,,58,Higher risk,,,,,,,,,,,,2026-02-23 17:47:44.892345+00:00,2026-03-16 16:13:27.806597+00:00
ETN,NYQ,140722356224.00,,94,High-quality compounder,,354.1300,196.4911,55.84,57.00,2026-04-17,2,0.4033,2026-05-01,2.7600,,2026-02-23 17:47:43.994733+00:00,2026-03-19 14:47:27.032173+00:00
ETR,NYQ,47992008704.00,,42,Higher risk,,,,,,,,,,,,2026-02-23 17:47:45.311149+00:00,2026-03-16 16:13:28.297608+00:00
ETSY,NYQ,5236847104.00,,71,Quality (selective),,,,,,,,,,,,2026-02-23 17:47:51.114213+00:00,2026-03-16 16:13:35.681790+00:00
EVR,NYQ,10865755136.00,,98,High-quality compounder,,270.2950,353.1178,51.52,33.00,2026-04-17,4,0.4819,2026-04-29,3.5000,,2026-02-23 17:47:48.205172+00:00,2026-03-19 14:47:24.532829+00:00
EVRG,NMS,19174395904.00,,43,Higher risk,,,,,,,,,,,,2026-02-23 17:47:46.974862+00:00,2026-03-16 16:13:30.573401+00:00
EW,NYQ,48720408576.00,,78,Quality (selective),,83.1800,47.7555,52.75,64.37,2026-04-17,,,2026-04-22,,,2026-02-23 17:47:45.301602+00:00,2026-03-19 14:47:28.443717+00:00
EWBC,NMS,14332024832.00,,83,High-quality compounder,,103.1100,316.0596,55.97,49.00,2026-04-17,5,0.4147,2026-04-21,2.9000,,2026-02-23 17:47:47.420023+00:00,2026-03-19 14:47:30.481228+00:00
EXC,NMS,51216232448.00,,45,Higher risk,,,,,,,,,,,,2026-02-23 17:47:45.242420+00:00,2026-03-16 16:13:28.169025+00:00
EXE,NMS,26065180672.00,,68,Higher risk,,,,,,,,,,,,2026-02-23 17:47:46.386223+00:00,2026-03-16 16:13:29.695815+00:00
EXEL,NMS,11011365888.00,,100,High-quality compounder,,41.2300,284.5950,58.67,37.20,2026-04-17,2,0.4612,2026-05-12,2.5000,,2026-02-23 17:47:48.200026+00:00,2026-03-19 14:47:33.981503+00:00
EXP,NYQ,6008770048.00,,92,High-quality compounder,,177.6000,197.9437,41.90,39.60,2026-04-17,1,0.4083,2026-05-14,2.3800,,2026-02-23 17:47:49.745433+00:00,2026-03-19 14:47:33.032926+00:00
EXPD,NYQ,19321796608.00,,82,High-quality compounder,,146.3600,76.5583,61.26,35.00,2026-04-17,5,0.3472,2026-05-05,2.0200,,2026-02-23 17:47:46.845625+00:00,2026-03-19 14:47:36.973869+00:00
EXPE,NMS,28401745920.00,,83,High-quality compounder,,240.7500,412.9801,60.35,68.00,2026-04-17,21,0.5370,2026-04-30,3.9600,,2026-02-23 17:47:46.618101+00:00,2026-03-19 14:47:37.502051+00:00
EXR,NYQ,30945800192.00,,71,Higher risk,,,,,,,,,,,,2026-02-23 17:47:45.858887+00:00,2026-03-16 16:13:29.347856+00:00
F,NYQ,46676860928.00,,27,Higher risk,,,,,,,,,,,,2026-02-23 17:47:45.054216+00:00,2026-03-16 16:13:28.370285+00:00
FAF,NYQ,6826280960.00,,73,Quality (selective),,,,,,,,,,,,2026-02-23 17:47:49.946177+00:00,2026-03-16 16:13:34.307606+00:00
FANG,NMS,51789352960.00,,71,Higher risk,,,,,,,,,,,,2026-02-23 17:47:45.193838+00:00,2026-03-16 16:13:28.140585+00:00
FAST,NMS,52185792512.00,,93,High-quality compounder,,44.7200,32.8232,59.16,79.00,2026-04-17,1,0.3730,2026-04-13,2.2400,,2026-02-23 17:47:45.113388+00:00,2026-03-19 14:47:44.025648+00:00
FBIN,NYQ,5298101248.00,,76,Quality (selective),,40.4900,32.3131,35.09,37.20,2026-04-17,,,2026-04-23,,,2026-02-23 17:47:50.019784+00:00,2026-03-19 14:47:39.463010+00:00
FCFS,NMS,8485673472.00,,80,High-quality compounder,,189.1800,335.9467,76.83,100.00,2026-04-17,,,2026-04-23,,,2026-02-23 17:47:49.360313+00:00,2026-03-19 14:47:42.373253+00:00
FCN,NYQ,5055339008.00,,80,High-quality compounder,,167.4850,778.6540,45.09,62.00,2026-04-17,,,2026-04-23,,,2026-02-23 17:47:51.061436+00:00,2026-03-19 14:47:48.012866+00:00
FCNCA,NMS,21983184896.00,,59,Higher risk,,,,,,,,,,,,2026-02-23 17:47:46.472438+00:00,2026-03-16 16:13:30.172384+00:00
FCX,NYQ,82207932416.00,,84,High-quality compounder,,51.8600,16.1910,55.04,60.00,2026-04-17,,,2026-04-23,,,2026-02-23 17:47:44.364446+00:00,2026-03-19 14:47:49.355764+00:00
FDS,NYQ,7738442752.00,,99,High-quality compounder,,206.5350,337.0914,24.28,68.00,2026-04-17,3,0.6398,2026-03-31,4.4900,,2026-02-23 17:47:49.699033+00:00,2026-03-19 14:47:51.002293+00:00
FDX,NYQ,83785424896.00,,61,Higher risk,,,,,,,,,,,,2026-02-23 17:47:44.423744+00:00,2026-03-16 16:13:27.262475+00:00
FE,NYQ,29939812352.00,,35,Higher risk,,,,,,,,,,,,2026-02-23 17:47:46.013547+00:00,2026-03-16 16:13:29.420505+00:00
FER,NMS,46239510528.00,,82,High-quality compounder,,62.9500,79.2147,64.75,49.00,2026-04-17,,0.5418,2026-05-12,2.7500,,2026-02-23 17:47:45.127057+00:00,2026-03-19 14:47:53.985567+00:00
FERG,NYQ,44820389888.00,,82,High-quality compounder,,218.1000,99.5014,52.35,49.00,2026-04-17,2,0.3687,2026-05-05,2.5000,,2026-02-23 17:47:45.182229+00:00,2026-03-19 14:47:56.003226+00:00
FFIV,NMS,16208772096.00,,100,High-quality compounder,,285.4600,594.1520,58.76,72.68,2026-04-17,,,2026-04-27,,,2026-02-23 17:47:47.517878+00:00,2026-03-19 14:47:56.581024+00:00
FHN,NYQ,10840055808.00,,70,Quality (selective),,,,,,,,,,,,2026-02-23 17:47:48.178262+00:00,2026-03-16 16:13:32.433336+00:00
FICO,NYQ,27624187904.00,,90,High-quality compounder,,1143.9550,633.5712,40.57,68.00,2026-04-17,1,0.6076,2026-05-05,5.0100,,2026-02-23 17:47:45.970458+00:00,2026-03-19 14:48:01.326648+00:00
FIG,NYQ,13995034624.00,,46,Higher risk,,,,,,,,,,,,2026-02-23 17:47:48.160919+00:00,2026-03-16 16:13:31.560211+00:00
FIGR,NMS,7691452416.00,,14,Higher risk,,,,,,,,,,,,2026-02-23 17:47:50.194981+00:00,2026-03-16 16:13:33.704272+00:00
FIS,NYQ,26058250240.00,,60,Higher risk,,,,,,,,,,,,2026-02-23 17:47:46.363063+00:00,2026-03-16 16:13:29.703476+00:00
FISV,NMS,30555367424.00,,80,High-quality compounder,,56.9450,225.4749,29.34,62.00,,,,2026-04-23,,,2026-02-23 17:47:45.906040+00:00,2026-03-19 14:47:59.271175+00:00
FITB,NMS,40004689920.00,,54,Higher risk,,,,,,,,,,,,2026-02-23 17:47:45.361384+00:00,2026-03-16 16:13:28.799796+00:00
FITBI,NMS,17929183232.00,,54,Higher risk,,,,,,,,,,,,2026-02-23 17:47:47.077660+00:00,2026-03-16 16:13:30.822368+00:00
FIVE,NMS,11659104256.00,,65,Quality (selective),,,,,,,,,,,,2026-02-23 17:47:48.218611+00:00,2026-03-16 16:13:32.190026+00:00
FIX,NYQ,49520762880.00,,100,High-quality compounder,,1423.5950,1675.1987,88.54,60.00,2026-04-17,3,0.6402,2026-04-23,4.9000,,2026-02-23 17:47:45.223998+00:00,2026-03-19 14:48:03.343505+00:00
FLEX,NMS,24115875840.00,,74,Quality (selective),,,,,,,,,,,,2026-02-23 17:47:46.562768+00:00,2026-03-16 16:13:29.890011+00:00
FLG,NYQ,5274792448.00,,36,Higher risk,,,,,,,,,,,,2026-02-23 17:47:50.658790+00:00,2026-03-16 16:13:35.638396+00:00
FLR,NYQ,6423929856.00,,40,Higher risk,,,,,,,,,,,,2026-02-23 17:47:49.208126+00:00,2026-03-16 16:13:34.580314+00:00
FLS,NYQ,9359997952.00,,77,Quality (selective),,73.2180,33.6267,60.92,57.00,2026-04-17,11,0.4411,2026-05-05,2.6400,,2026-02-23 17:47:48.335620+00:00,2026-03-19 14:48:04.069634+00:00
FLUT,NYQ,19161010176.00,,43,Higher risk,,,,,,,,,,,,2026-02-23 17:47:46.861671+00:00,2026-03-16 16:13:30.634144+00:00
FMS,NYQ,13261691904.00,,60,Higher risk,,,,,,,,,,,,2026-02-23 17:47:47.662190+00:00,2026-03-16 16:13:31.680971+00:00
FMX,NYQ,37003579392.00,,69,Quality (selective),,,,,,,,,,,,2026-02-23 17:47:45.615330+00:00,2026-03-16 16:13:28.927374+00:00
FN,NYQ,18503677952.00,,93,High-quality compounder,,509.6450,381.9131,78.56,91.00,2026-04-17,1,0.7543,2026-05-04,5.8500,,2026-02-23 17:47:46.880142+00:00,2026-03-19 14:48:08.733103+00:00
FNB,NYQ,5741668864.00,,55,Higher risk,,,,,,,,,,,,2026-02-23 17:47:50.265365+00:00,2026-03-16 16:13:35.134621+00:00
FND,NYQ,6199594496.00,,60,Higher risk,,,,,,,,,,,,2026-02-23 17:47:49.768797+00:00,2026-03-16 16:13:34.800104+00:00
FNF,NYQ,13108146176.00,,73,Quality (selective),,,,,,,,,,,,2026-02-23 17:47:47.707424+00:00,2026-03-16 16:13:31.748508+00:00
FNV,NYQ,48838041600.00,,76,Quality (selective),,227.8200,126.0667,60.46,60.00,2026-04-17,10,0.4855,2026-05-06,3.7000,13292,2026-02-23 17:47:45.132768+00:00,2026-03-19 14:48:06.549142+00:00
FORM,NMS,7159342592.00,,75,Quality (selective),,92.4350,12.8909,74.26,54.00,2026-04-17,1,0.7508,2026-04-29,4.8200,,2026-02-23 17:47:49.651714+00:00,2026-03-19 14:48:11.054528+00:00
FOUR,NYQ,5162513408.00,,42,Higher risk,,,,,,,,,,,,2026-02-23 17:47:50.964355+00:00,2026-02-23 17:48:27.200479+00:00
FOX,NMS,24477151232.00,,92,High-quality compounder,,52.3900,150.8943,55.14,41.00,2026-04-17,1,0.6956,2026-05-11,4.8000,,2026-02-23 17:47:46.482412+00:00,2026-03-19 14:48:14.522228+00:00
FOXA,NMS,24541097984.00,,92,High-quality compounder,,58.0300,139.3613,55.72,41.00,2026-04-17,,,2026-05-11,,,2026-02-23 17:47:46.507850+00:00,2026-03-19 14:48:13.023738+00:00
FPS,NYQ,10936981504.00,,24,Higher risk,,,,,,,,,,,,2026-02-23 17:47:49.405234+00:00,2026-03-16 16:13:32.338744+00:00
FR,NYQ,8356236800.00,,74,Quality (selective),,,,,,,,,,,,2026-02-23 17:47:49.139081+00:00,2026-03-16 16:13:33.409776+00:00
FRO,NYQ,6863463936.00,,39,Higher risk,,,,,,,,,,,,2026-02-23 17:47:49.434690+00:00,2026-03-16 16:13:34.266906+00:00
FROG,NMS,5184717824.00,,71,Quality (selective),,,,,,,,,,,,2026-03-16 16:13:35.730499+00:00,2026-03-16 16:13:35.730499+00:00
FRT,NYQ,9221320704.00,,83,High-quality compounder,,105.9400,36.6504,53.48,89.77,2026-04-17,,,2026-04-30,,,2026-02-23 17:47:48.875094+00:00,2026-03-19 14:48:16.500422+00:00
FRT-PC,NYQ,8123500032.00,,83,High-quality compounder,,19.8416,36.6504,36.48,68.00,,,,2026-04-30,,,2026-02-23 17:47:49.193440+00:00,2026-03-17 09:30:58.871473+00:00
FSLR,NMS,21233625088.00,,70,Higher risk,,,,,,,,,,,,2026-02-23 17:47:46.275691+00:00,2026-03-16 16:13:30.267142+00:00
FSS,NYQ,6452621824.00,,100,High-quality compounder,,105.1600,128.7861,54.71,51.00,2026-04-17,,0.4324,2026-04-29,2.0800,,2026-02-23 17:47:49.787274+00:00,2026-03-19 14:48:18.543622+00:00
FSV,NMS,6599707648.00,,75,Quality (selective),,138.4120,222.0064,37.40,42.00,2026-04-17,,0.3620,2026-04-23,2.0400,,2026-02-23 17:47:49.820623+00:00,2026-03-19 14:48:24.498406+00:00
FTAI,NMS,24392951808.00,,36,Higher risk,,,,,,,,,,,,2026-02-23 17:47:46.009345+00:00,2026-03-16 16:13:29.853360+00:00
FTI,NYQ,25682010112.00,,82,High-quality compounder,,67.3500,57.5646,88.67,100.00,2026-04-17,2,0.4441,2026-04-23,3.2700,,2026-02-23 17:47:46.236482+00:00,2026-03-19 14:48:20.539432+00:00
FTNT,NMS,63083671552.00,,98,High-quality compounder,,84.1200,77.5215,51.80,68.00,2026-04-17,1,0.3709,2026-05-06,2.1900,,2026-02-23 17:47:44.975400+00:00,2026-03-19 14:48:23.631813+00:00
FTS,NYQ,29774231552.00,,37,Higher risk,,,,,,,,,,,,2026-02-23 17:47:46.026095+00:00,2026-03-16 16:13:29.433974+00:00
FTV,NYQ,17316188160.00,,78,Quality (selective),,54.9400,67.3004,51.15,60.00,2026-04-17,,,2026-05-07,,,2026-02-23 17:47:47.069656+00:00,2026-03-19 14:48:27.055734+00:00
FUTU,NGM,20999684096.00,,85,High-quality compounder,,138.5250,888.8986,55.29,25.20,2026-04-17,55,0.5149,2026-06-04,3.1300,,2026-02-23 17:47:46.821958+00:00,2026-03-19 14:48:29.636919+00:00
FWONA,NMS,19762460672.00,,45,Higher risk,,,,,,,,,,,,2026-02-23 17:47:46.666723+00:00,2026-03-16 16:13:30.466383+00:00
FWONK,NMS,21678594048.00,,45,Higher risk,,,,,,,,,,,,2026-02-23 17:47:46.648514+00:00,2026-03-16 16:13:30.210241+00:00
G,NYQ,6632783360.00,,92,High-quality compounder,,37.9100,113.7018,44.37,44.00,2026-04-17,3,0.8006,2026-05-06,3.8600,,2026-02-23 17:47:50.118832+00:00,2026-03-19 14:48:32.006452+00:00
GAP,NYQ,8786651136.00,,60,Higher risk,,,,,,,,,,,,2026-02-23 17:47:48.725475+00:00,2026-03-16 16:13:33.237704+00:00
GATX,NYQ,5972874752.00,,63,Higher risk,,,,,,,,,,,,2026-02-23 17:47:49.826728+00:00,2026-03-16 16:13:34.937384+00:00
GBCI,NYQ,5716588544.00,,55,Higher risk,,,,,,,,,,,,2026-02-23 17:47:50.247384+00:00,2026-03-16 16:13:35.163484+00:00
GD,NYQ,95417843712.00,,77,Quality (selective),,348.0400,604.6435,69.05,80.61,2026-04-17,17,0.2714,2026-04-22,2.0400,,2026-02-23 17:47:44.343811+00:00,2026-03-19 14:48:33.645016+00:00
GDDY,NYQ,11135668224.00,,96,High-quality compounder,,84.0400,297.3767,30.72,62.00,2026-04-17,7,0.4620,2026-05-07,3.2800,,2026-02-23 17:47:48.117734+00:00,2026-03-19 14:48:34.586967+00:00
GDS,NGM,8618241024.00,,14,Higher risk,,,,,,,,,,,,2026-02-23 17:47:49.072753+00:00,2026-03-16 16:13:33.280363+00:00
GE,NYQ,319619170304.00,,90,High-quality compounder,,288.6850,60.4654,64.42,60.00,2026-04-17,75,0.3893,2026-04-28,2.8800,,2026-02-23 17:47:43.551420+00:00,2026-03-19 14:48:40.168201+00:00
GEHC,NMS,32763850752.00,,83,High-quality compounder,,70.3500,78.8780,45.70,39.60,2026-04-17,5,0.3702,2026-04-29,2.3700,,2026-02-23 17:47:45.630330+00:00,2026-03-19 14:48:37.530418+00:00
GEN,NMS,12812276736.00,,93,High-quality compounder,,20.6750,44.9637,37.40,41.00,2026-04-17,43,0.3770,2026-05-05,2.7500,,2026-02-23 17:47:47.896318+00:00,2026-03-19 14:48:40.526898+00:00
GEV,NYQ,221535862784.00,,62,Higher risk,,,,,,,,,,,,2026-02-23 17:47:43.765274+00:00,2026-03-16 16:13:26.323358+00:00
GFI,NYQ,41542553600.00,,100,High-quality compounder,,40.0000,82.8416,59.36,57.00,2026-04-17,,,2026-08-21,,,2026-02-23 17:47:45.171362+00:00,2026-03-19 14:48:43.978540+00:00
GFL,NYQ,15220773888.00,,37,Higher risk,,,,,,,,,,,,2026-02-23 17:47:47.539247+00:00,2026-03-16 16:13:31.326504+00:00
GFS,NMS,24517459968.00,,44,Higher risk,,,,,,,,,,,,2026-02-23 17:47:46.306469+00:00,2026-03-16 16:13:29.822419+00:00
GGB,NYQ,6616748544.00,,74,Quality (selective),,,,,,,,,,,,2026-02-23 17:47:49.189158+00:00,2026-03-16 16:13:34.433156+00:00
GGG,NYQ,14482115584.00,,100,High-quality compounder,,84.8799,107.5985,51.35,48.00,2026-04-17,,0.3894,2026-04-22,3.0900,,2026-02-23 17:47:47.502804+00:00,2026-03-19 14:48:44.488773+00:00
GH,NMS,11354769408.00,,37,Higher risk,,,,,,,,,,,,2026-02-23 17:48:24.440044+00:00,2026-03-16 16:13:32.284700+00:00
GIB,NYQ,15409672192.00,,83,High-quality compounder,,71.8900,355.2576,31.80,35.00,2026-04-17,,,2026-04-29,,,2026-02-23 17:47:47.460902+00:00,2026-03-19 14:48:50.484239+00:00
GIL,NYQ,10967968768.00,,71,Quality (selective),,,,,,,,,,,,2026-02-23 17:47:47.962375+00:00,2026-03-16 16:13:32.401767+00:00
GILD,NMS,179416301568.00,,97,High-quality compounder,,141.1099,222.2625,73.11,60.00,2026-04-17,,,2026-04-23,,,2026-02-23 17:47:43.851955+00:00,2026-03-19 14:48:47.718965+00:00
GIS,NYQ,20687083520.00,,74,Quality (selective),,,,,,,,,,,,2026-02-23 17:47:46.465848+00:00,2026-03-16 16:13:30.370366+00:00
GKOS,NYQ,5632483328.00,,27,Higher risk,,,,,,,,,,,,2026-02-23 17:47:49.908195+00:00,2026-03-16 16:13:35.266185+00:00
GL,NYQ,11188993024.00,,72,Quality (selective),,,,,,,,,,,,2026-02-23 17:47:48.259577+00:00,2026-03-16 16:13:32.310726+00:00
GLBE,NMS,5858944512.00,,76,Higher risk,,33.6800,53.3005,46.14,68.00,2026-04-17,,,2026-05-13,,,2026-02-23 17:47:50.487550+00:00,2026-03-19 14:48:50.023394+00:00
GLPI,NMS,13513930752.00,,68,Higher risk,,,,,,,,,,,,2026-02-23 17:47:47.886577+00:00,2026-03-16 16:13:31.630085+00:00
GLW,NYQ,113884037120.00,,71,Quality (selective),,,,,,,,,,,,2026-02-23 17:47:44.078085+00:00,2026-03-16 16:13:26.886663+00:00
GLXY,NMS,9222309888.00,,23,Higher risk,,,,,,,,,,,,2026-02-23 17:47:49.391165+00:00,2026-03-16 16:13:33.024578+00:00
GM,NYQ,67786366976.00,,41,Higher risk,,,,,,,,,,,,2026-02-23 17:47:44.711623+00:00,2026-03-16 16:13:27.753221+00:00
GMAB,NMS,16257128448.00,,90,High-quality compounder,,25.6400,139.4467,46.91,37.20,2026-04-17,,,2026-05-07,,,2026-02-23 17:47:47.082227+00:00,2026-03-19 14:48:53.547554+00:00
GME,NYQ,10548382720.00,,31,Higher risk,,,,,,,,,,,,2026-02-23 17:47:48.523332+00:00,2026-03-16 16:13:32.522652+00:00
GMED,NYQ,11562107904.00,,93,Higher risk,,86.0200,249.7015,57.64,57.00,2026-04-17,10,0.3578,2026-05-14,2.3000,,2026-02-23 17:47:48.064262+00:00,2026-03-19 14:48:55.529850+00:00
GNRC,NYQ,11933991936.00,,70,Quality (selective),,,,,,,,,,,,2026-02-23 17:47:47.951556+00:00,2026-03-16 16:13:32.115936+00:00
GNTX,NMS,5142635520.00,,75,Quality (selective),,20.8450,58.0301,36.20,37.20,2026-04-17,5,0.4241,2026-04-24,2.0000,,2026-02-23 17:47:51.033179+00:00,2026-03-19 14:48:59.188746+00:00
GOLF,NYQ,5579865600.00,,78,Quality (selective),,93.2750,-16.8586,64.05,48.00,2026-04-17,3,0.3733,2026-04-30,2.6700,,2026-02-23 17:47:50.502956+00:00,2026-03-19 14:48:57.748399+00:00
GOOG,NMS,3661996490752.00,,100,High-quality compounder,,302.9650,207.8742,69.62,34.80,2026-04-17,40,0.3083,2026-04-23,2.3400,,2026-02-23 17:47:43.375644+00:00,2026-03-19 14:49:01.075430+00:00
GOOGL,NMS,3676157771776.00,,100,High-quality compounder,,304.5050,207.8742,70.17,34.80,2026-04-17,31,0.3147,2026-04-23,2.2300,,2026-02-23 17:47:43.385568+00:00,2026-03-19 14:49:06.131272+00:00
GPC,NYQ,14491655168.00,,58,Higher risk,,,,,,,,,,,,2026-02-23 17:47:47.358850+00:00,2026-03-16 16:13:31.455349+00:00
GPGI,NYQ,6500270080.00,,87,Higher risk,,17.3100,1.4684,58.20,79.86,,,,2026-05-11,,,2026-02-23 17:47:50.112660+00:00,2026-03-19 14:49:02.239085+00:00
GPN,NYQ,18949318656.00,,72,Quality (selective),,,,,,,,,,,,2026-02-23 17:47:46.657699+00:00,2026-03-16 16:13:30.674520+00:00
GRAB,NMS,15479319552.00,,36,Higher risk,,,,,,,,,,,,2026-02-23 17:47:47.182206+00:00,2026-03-16 16:13:31.244436+00:00
GRFS,NMS,6570592256.00,,47,Higher risk,,,,,,,,,,,,2026-02-23 17:47:49.571793+00:00,2026-03-16 16:13:34.438826+00:00
GRMN,NYQ,45346557952.00,,100,High-quality compounder,,235.1400,182.9052,60.17,83.00,2026-04-17,,,2026-04-29,,,2026-02-23 17:47:45.307149+00:00,2026-03-19 14:49:05.047318+00:00
GS,NYQ,239696871424.00,,27,Higher risk,,,,,,,,,,,,2026-02-23 17:47:43.567789+00:00,2026-03-16 16:13:26.197331+00:00
GS-PA,NYQ,72235212800.00,,27,Higher risk,,,,,,,,,,,,2026-02-23 17:47:44.675499+00:00,2026-03-16 16:13:27.484143+00:00
GS-PC,NYQ,7659442176.00,,27,Higher risk,,,,,,,,,,,,2026-02-23 17:47:48.894447+00:00,2026-03-16 16:13:33.002529+00:00
GS-PD,NYQ,68985561088.00,,27,Higher risk,,,,,,,,,,,,2026-02-23 17:47:44.738837+00:00,2026-03-16 16:13:27.571243+00:00
GSAT,NMS,7469007872.00,,51,Higher risk,,,,,,,,,,,,2026-02-23 17:47:49.523557+00:00,2026-03-16 16:13:33.883593+00:00
GSK,NYQ,108158631936.00,,79,Higher risk,,52.1015,114.5503,62.07,57.00,2026-04-17,,,2026-04-29,,,2026-02-23 17:47:44.129673+00:00,2026-03-19 14:49:07.976299+00:00
GTES,NYQ,5881044480.00,,75,Quality (selective),,22.0300,26.3523,52.83,57.00,2026-04-17,,0.4422,2026-04-29,2.8600,,2026-02-23 17:47:49.792829+00:00,2026-03-19 14:49:12.011719+00:00
GTLS,NYQ,9905545216.00,,59,Higher risk,,,,,,,,,,,,2026-02-23 17:47:48.879204+00:00,2026-03-16 16:13:32.769353+00:00
GVA,NYQ,5328114176.00,,63,Higher risk,,,,,,,,,,,,2026-02-23 17:47:50.477881+00:00,2026-03-16 16:13:35.574618+00:00
GWRE,NYQ,13824118784.00,,50,Higher risk,,,,,,,,,,,,2026-02-23 17:47:48.505005+00:00,2026-03-16 16:13:31.592625+00:00
GWW,NYQ,50524971008.00,,96,High-quality compounder,,1046.8450,706.1479,55.40,90.66,2026-04-17,2,0.2737,2026-05-07,2.0100,,2026-02-23 17:47:45.068822+00:00,2026-03-19 14:49:11.566648+00:00
GXO,NYQ,6125705216.00,,39,Higher risk,,,,,,,,,,,,2026-02-23 17:47:49.680643+00:00,2026-03-16 16:13:34.867845+00:00
H,NYQ,13543843840.00,,53,Higher risk,,,,,,,,,,,,2026-02-23 17:47:47.547201+00:00,2026-03-16 16:13:31.625370+00:00
HAL,NYQ,28720508928.00,,83,High-quality compounder,,36.7700,62.3466,63.22,54.00,2026-04-17,14,0.4409,2026-04-28,2.8600,,2026-02-23 17:47:46.000602+00:00,2026-03-19 14:49:18.538926+00:00
HALO,NMS,7653402112.00,,100,High-quality compounder,,63.9250,108.2037,54.00,49.00,2026-04-17,2,0.4092,2026-05-12,2.8300,,2026-02-23 17:47:49.162260+00:00,2026-03-19 14:49:14.110003+00:00
HAS,NMS,13180849152.00,,62,Higher risk,,,,,,,,,,,,2026-02-23 17:47:47.821488+00:00,2026-03-16 16:13:31.709990+00:00
HBAN,NMS,31292295168.00,,64,Higher risk,,,,,,,,,,,,2026-02-23 17:47:45.791768+00:00,2026-03-16 16:13:29.304932+00:00
HBM,NYQ,8265406464.00,,80,Higher risk,,18.2100,6.4351,59.17,57.00,2026-04-17,7,0.7009,2026-05-11,5.5700,,2026-02-23 17:47:48.576918+00:00,2026-03-19 14:49:17.011331+00:00
HCA,NYQ,119348297728.00,,78,Higher risk,,501.7200,278.2591,64.61,100.00,2026-04-17,,,2026-04-24,,,2026-02-23 17:47:44.120687+00:00,2026-03-19 14:49:22.495081+00:00
HD,NYQ,341146861568.00,,82,High-quality compounder,,327.8700,229.7251,43.20,49.00,2026-04-17,,,2026-05-19,,,2026-02-23 17:47:43.535093+00:00,2026-03-19 14:49:21.634623+00:00
HDB,NYQ,149311389696.00,,70,Higher risk,,,,,,,,,,,,2026-02-23 17:47:43.895266+00:00,2026-03-16 16:13:26.565417+00:00
HEI,NYQ,40793088000.00,,93,High-quality compounder,,278.3400,193.5033,51.94,37.20,2026-04-17,3,0.3637,2026-05-26,2.7000,,2026-02-23 17:47:45.265520+00:00,2026-03-19 14:49:27.001925+00:00
HEI-A,NYQ,35820204032.00,,93,High-quality compounder,,291.4700,193.5033,33.86,39.60,2026-03-20,,,2026-06-02,,,2026-02-23 17:47:45.533130+00:00,2026-03-17 09:31:36.674165+00:00
HESM,NYQ,8189429248.00,,78,Higher risk,,40.2550,345.5721,57.98,94.00,2026-04-17,1,0.3418,2026-04-29,2.4400,,2026-02-23 17:47:49.338657+00:00,2026-03-19 14:49:25.492247+00:00
HIG,NYQ,37912309760.00,,96,High-quality compounder,,131.9400,581.7570,59.63,62.76,2026-04-17,,,2026-04-23,,,2026-02-23 17:47:45.579672+00:00,2026-03-19 14:49:33.611524+00:00
HIG-PG,NYQ,18511798272.00,,96,High-quality compounder,,39.3400,581.7570,65.53,59.45,,,,2026-04-23,,,2026-02-23 17:47:46.990118+00:00,2026-03-17 09:31:36.768058+00:00
HII,NYQ,16170931200.00,,55,Higher risk,,,,,,,,,,,,2026-02-23 17:47:47.194661+00:00,2026-03-16 16:13:31.116867+00:00
HIMS,NYQ,5450038784.00,,57,Higher risk,,,,,,,,,,,,2026-03-16 16:13:35.501132+00:00,2026-03-16 16:13:35.501132+00:00
HL,NYQ,12965504000.00,,62,Higher risk,,,,,,,,,,,,2026-02-23 17:47:47.394268+00:00,2026-03-16 16:13:31.800862+00:00
HLI,NYQ,9807746048.00,,90,High-quality compounder,,137.2600,249.0439,40.98,33.00,2026-04-17,1,0.4687,2026-05-06,2.1500,,2026-02-23 17:47:48.296427+00:00,2026-03-19 14:49:29.979747+00:00
HLN,NYQ,46164856832.00,,78,Quality (selective),,10.2500,25.4872,55.20,57.00,2026-04-17,,,2026-04-29,,,2026-02-23 17:47:45.211264+00:00,2026-03-19 14:49:32.553535+00:00
HLNE,NMS,5462069760.00,,95,Higher risk,,101.4600,168.4715,40.77,28.80,2026-04-17,,0.6047,2026-06-04,4.4200,,2026-02-23 17:47:50.597168+00:00,2026-03-19 14:49:36.461587+00:00
HLT,NYQ,69063458816.00,,94,High-quality compounder,,295.5250,240.0742,65.91,54.00,2026-04-17,,,2026-05-05,,,2026-02-23 17:47:44.743941+00:00,2026-03-19 14:49:37.555953+00:00
HMC,NYQ,33674991616.00,,48,Higher risk,,,,,,,,,,,,2026-02-23 17:47:45.595522+00:00,2026-03-16 16:13:29.105037+00:00
HMY,NYQ,9508723712.00,,91,High-quality compounder,,13.4200,25.7184,49.83,51.00,2026-04-17,,0.7200,2026-09-01,3.7500,1004,2026-02-23 17:47:47.861395+00:00,2026-03-19 14:49:39.820606+00:00
HOLX,NMS,16789134336.00,,86,High-quality compounder,,75.2800,131.7832,55.65,70.90,2026-04-17,,,2026-05-07,,,2026-02-23 17:47:47.267657+00:00,2026-03-19 14:49:41.529400+00:00
HOMB,NYQ,5236367872.00,,71,Quality (selective),,,,,,,,,,,,2026-02-23 17:47:50.684803+00:00,2026-03-16 16:13:35.674874+00:00
HON,NMS,149647589376.00,,78,Quality (selective),,228.0050,173.6075,58.81,48.00,2026-04-17,,,2026-05-05,,,2026-02-23 17:47:43.922115+00:00,2026-03-19 14:49:48.286829+00:00
HOOD,NMS,67262042112.00,,34,Higher risk,,,,,,,,,,,,2026-02-23 17:47:44.882240+00:00,2026-03-16 16:13:27.769062+00:00
HPE,NYQ,29019424768.00,,57,Higher risk,,,,,,,,,,,,2026-02-23 17:47:46.176282+00:00,2026-03-16 16:13:29.488109+00:00
HPQ,NYQ,17180080128.00,,68,Quality (selective),,,,,,,,,,,,2026-02-23 17:47:47.216107+00:00,2026-03-16 16:13:30.917885+00:00
HQY,NMS,6837605888.00,,76,Quality (selective),,81.1750,224.9251,46.65,56.00,2026-04-17,47,0.5712,2026-03-17,2.4300,,2026-02-23 17:47:50.100347+00:00,2026-03-19 14:49:43.477958+00:00
HR,NYQ,6493080064.00,,49,Higher risk,,,,,,,,,,,,2026-02-23 17:47:50.106061+00:00,2026-03-16 16:13:34.502471+00:00
HRL,NYQ,12465863680.00,,70,Quality (selective),,,,,,,,,,,,2026-02-23 17:47:47.777904+00:00,2026-03-16 16:13:31.966779+00:00
HSBC,NYQ,275727220736.00,,74,Quality (selective),,,,,,,,,,,,2026-02-23 17:47:43.641395+00:00,2026-03-16 16:13:26.222332+00:00
HSIC,NMS,8806992896.00,,57,Higher risk,,,,,,,,,,,,2026-02-23 17:47:48.756389+00:00,2026-03-16 16:13:33.213850+00:00
HST,NMS,13156974592.00,,68,Quality (selective),,,,,,,,,,,,2026-02-23 17:47:47.813997+00:00,2026-03-16 16:13:31.717547+00:00
HSY,NYQ,44476862464.00,,85,High-quality compounder,,211.4650,528.1377,56.38,94.00,2026-04-17,,,2026-05-07,,,2026-02-23 17:47:45.356379+00:00,2026-03-19 14:49:46.002619+00:00
HTHT,NMS,15975667712.00,,56,Higher risk,,,,,,,,,,,,2026-02-23 17:47:47.305116+00:00,2026-03-16 16:13:31.156955+00:00
HUBB,NYQ,25156866048.00,,97,High-quality compounder,,486.0000,491.6480,61.80,49.00,2026-04-17,1,0.3598,2026-05-07,2.6400,,2026-02-23 17:47:46.150150+00:00,2026-03-19 14:49:49.571075+00:00
HUBS,NYQ,13945783296.00,,78,Quality (selective),,262.1600,308.8015,32.99,68.00,2026-04-17,1,0.6927,2026-05-14,4.3300,,2026-02-23 17:47:48.240402+00:00,2026-03-19 14:49:52.171450+00:00
HUM,NYQ,20706326528.00,,46,Higher risk,,,,,,,,,,,,2026-02-23 17:47:46.677999+00:00,2026-03-16 16:13:30.346588+00:00
HUT,NMS,5599807488.00,,43,Higher risk,,,,,,,,,,,,2026-02-23 17:47:50.587493+00:00,2026-03-16 16:13:35.235995+00:00
HWC,NMS,5109650432.00,,68,Quality (selective),,,,,,,,,,,,2026-02-23 17:47:50.607302+00:00,2026-03-16 16:13:35.810593+00:00
HWM,NYQ,96994451456.00,,100,High-quality compounder,,235.9650,133.2672,75.03,88.00,2026-04-17,2,0.4485,2026-05-07,2.1800,,2026-02-23 17:47:44.245775+00:00,2026-03-19 14:49:53.030974+00:00
HXL,NYQ,6488674816.00,,78,Quality (selective),,78.1300,48.5779,56.81,60.00,2026-04-17,,0.5098,2026-04-20,3.9000,,2026-02-23 17:47:49.758290+00:00,2026-03-19 14:49:56.447071+00:00
IAG,NYQ,11602221056.00,,56,Higher risk,,,,,,,,,,,,2026-02-23 17:47:47.880977+00:00,2026-03-16 16:13:32.247355+00:00
IBKR,NMS,116348911616.00,,87,High-quality compounder,,67.4100,795.4077,64.32,49.00,2026-04-17,,,2026-07-16,,,2026-02-23 17:47:44.124778+00:00,2026-03-19 14:49:58.089082+00:00
IBM,NYQ,233425043456.00,,83,High-quality compounder,,250.5200,491.2741,52.31,28.80,2026-04-17,41,0.3649,2026-04-22,2.2600,,2026-02-23 17:47:43.749071+00:00,2026-03-19 14:49:59.111902+00:00
IBN,NYQ,98718220288.00,,88,High-quality compounder,,26.6150,103.1176,42.72,39.60,2026-04-17,,,2026-04-17,,,2026-02-23 17:47:44.191547+00:00,2026-03-19 14:50:03.856070+00:00
IBP,NYQ,7629980160.00,,93,High-quality compounder,,272.3900,133.1104,57.87,54.00,2026-04-17,2,0.5542,2026-04-30,3.7500,,2026-02-23 17:47:49.107274+00:00,2026-03-19 14:50:02.100856+00:00
IBRX,NMS,8303439360.00,,44,Higher risk,,,,,,,,,,,,2026-02-23 17:47:48.820826+00:00,2026-03-16 16:13:33.441700+00:00
ICE,NYQ,91616288768.00,,79,Quality (selective),,157.4200,134.9177,50.82,62.00,2026-04-17,,,2026-05-07,,,2026-02-23 17:47:44.489168+00:00,2026-03-19 14:50:07.030096+00:00
ICL,NYQ,6906648064.00,,70,Quality (selective),,,,,,,,,,,,2026-02-23 17:47:49.967945+00:00,2026-03-16 16:13:34.225278+00:00
ICLR,NMS,7491011584.00,,79,Higher risk,,96.9350,178.8022,29.94,21.00,2026-04-17,10,0.6311,2026-03-18,4.1900,6581,2026-02-23 17:47:49.242260+00:00,2026-03-19 14:50:06.553094+00:00
IDA,NYQ,7838483968.00,,35,Higher risk,,,,,,,,,,,,2026-02-23 17:47:49.463291+00:00,2026-03-16 16:13:33.636831+00:00
IDCC,NMS,9217321984.00,,100,High-quality compounder,,349.4950,278.9530,73.41,79.76,2026-04-17,4,0.5081,2026-05-07,3.5600,,2026-02-23 17:47:48.950070+00:00,2026-03-19 14:50:10.999328+00:00
IDXX,NMS,46686674944.00,,100,High-quality compounder,,580.2000,153.9030,52.44,22.80,2026-04-17,6,0.3455,2026-05-07,2.2500,,2026-02-23 17:47:45.205337+00:00,2026-03-19 14:50:10.608565+00:00
IESC,NGM,8867561472.00,,89,High-quality compounder,,442.4800,369.4170,68.05,49.00,2026-04-17,1,0.6580,2026-05-01,5.0400,,2026-02-23 17:47:48.620110+00:00,2026-03-19 14:50:17.579322+00:00
IEX,NYQ,14180226048.00,,93,High-quality compounder,,188.9800,189.4336,48.58,43.00,2026-04-17,,,2026-05-07,,,2026-02-23 17:47:47.466137+00:00,2026-03-19 14:50:13.344089+00:00
IFF,NYQ,17858881536.00,,36,Higher risk,,,,,,,,,,,,2026-02-23 17:47:46.800536+00:00,2026-03-16 16:13:30.845779+00:00
IFS,NYQ,5118691328.00,,54,Higher risk,,,,,,,,,,,,2026-02-23 17:47:50.711214+00:00,2026-03-16 16:13:35.788211+00:00
IHG,NYQ,19685902336.00,,84,High-quality compounder,,131.5200,166.4975,61.46,49.00,,,,2026-08-11,,,2026-02-23 17:47:46.734613+00:00,2026-03-19 14:50:15.291863+00:00
ILMN,NMS,18179809280.00,,68,Quality (selective),,,,,,,,,,,,2026-02-23 17:47:47.040485+00:00,2026-03-16 16:13:30.806150+00:00
IMVT,NMS,5055739392.00,,21,Higher risk,,,,,,,,,,,,2026-02-23 17:47:50.726586+00:00,2026-03-16 16:13:35.835754+00:00
INCY,NMS,18524268544.00,,91,High-quality compounder,,92.8100,215.7575,60.19,50.00,2026-04-17,25,0.4263,2026-05-05,2.6100,,2026-02-23 17:47:46.885303+00:00,2026-03-19 14:50:19.078362+00:00
INFY,NYQ,54375784448.00,,96,High-quality compounder,,12.9050,30.4296,32.37,34.80,2026-04-17,11,0.5423,2026-04-16,2.9200,,2026-02-23 17:47:45.000018+00:00,2026-03-19 14:50:21.598784+00:00
ING,NYQ,75048632320.00,,39,Higher risk,,,,,,,,,,,,2026-02-23 17:47:44.512980+00:00,2026-03-16 16:13:27.490747+00:00
INGM,NYQ,5209254912.00,,49,Higher risk,,,,,,,,,,,,2026-03-16 16:13:35.706589+00:00,2026-03-16 16:13:35.706589+00:00
INGR,NYQ,7164293120.00,,84,High-quality compounder,,111.0000,500.5426,43.36,49.00,2026-04-17,,,2026-05-05,,,2026-02-23 17:47:49.618525+00:00,2026-03-19 14:50:23.132671+00:00
INSM,NMS,30927386624.00,,28,Higher risk,,,,,,,,,,,,2026-02-23 17:47:45.806278+00:00,2026-03-16 16:13:29.331196+00:00
INTC,NMS,239604727808.00,,14,Higher risk,,,,,,,,,,,,2026-02-23 17:47:43.775294+00:00,2026-03-16 16:13:26.286302+00:00
INTU,NMS,125746495488.00,,96,High-quality compounder,,458.0700,464.5990,38.46,68.00,2026-04-17,1,0.4683,2026-05-21,3.6400,,2026-02-23 17:47:44.315304+00:00,2026-03-19 14:50:26.008466+00:00
INVH,NYQ,15438923776.00,,72,Quality (selective),,,,,,,,,,,,2026-02-23 17:47:47.446817+00:00,2026-03-16 16:13:31.255597+00:00
IONQ,NYQ,12015582208.00,,30,Higher risk,,,,,,,,,,,,2026-02-23 17:47:48.376350+00:00,2026-03-16 16:13:32.054996+00:00
IONS,NMS,11995417600.00,,20,Higher risk,,,,,,,,,,,,2026-02-23 17:47:47.826187+00:00,2026-03-16 16:13:32.092683+00:00
IOT,NYQ,18708316160.00,,41,Higher risk,,,,,,,,,,,,2026-02-23 17:47:47.692262+00:00,2026-03-16 16:13:30.714584+00:00
IP,NYQ,19923935232.00,,38,Higher risk,,,,,,,,,,,,2026-02-23 17:47:46.569168+00:00,2026-03-16 16:13:30.443287+00:00
IPGP,NMS,5601847296.00,,58,Higher risk,,,,,,,,,,,,2026-02-23 17:47:50.637764+00:00,2026-02-23 17:48:26.894868+00:00
IQV,NYQ,27986073600.00,,73,Quality (selective),,,,,,,,,,,,2026-02-23 17:47:46.124176+00:00,2026-03-16 16:13:29.558872+00:00
IR,NYQ,33244588032.00,,88,High-quality compounder,,81.2300,60.9239,49.66,57.00,2026-04-17,,,2026-05-07,,,2026-02-23 17:47:45.664370+00:00,2026-03-19 14:50:28.608180+00:00
IREN,NMS,14617540608.00,,17,Higher risk,,,,,,,,,,,,2026-02-23 17:47:47.843235+00:00,2026-03-16 16:13:31.410253+00:00
IRM,NYQ,31821543424.00,,37,Higher risk,,,,,,,,,,,,2026-02-23 17:47:45.869536+00:00,2026-03-16 16:13:29.261602+00:00
ISRG,NMS,171030724608.00,,98,High-quality compounder,,480.6200,122.6873,50.77,30.80,2026-04-17,1,0.3452,2026-04-28,2.6600,,2026-02-23 17:47:43.887510+00:00,2026-03-19 14:50:28.541108+00:00
IT,NYQ,11704246272.00,,87,High-quality compounder,,160.3300,454.0426,28.11,56.00,2026-04-17,1,0.5758,2026-05-05,3.5700,,2026-02-23 17:47:48.453440+00:00,2026-03-19 14:50:30.602030+00:00
ITT,NYQ,16213811200.00,,88,High-quality compounder,,184.8900,91.8433,62.44,57.00,2026-04-17,,0.3978,2026-05-07,2.4300,,2026-02-23 17:47:47.152776+00:00,2026-03-19 14:50:38.298431+00:00
ITUB,NYQ,90032742400.00,,51,Higher risk,,,,,,,,,,,,2026-02-23 17:47:44.268812+00:00,2026-03-16 16:13:27.160945+00:00
ITW,NYQ,77329825792.00,,98,High-quality compounder,,259.4650,179.2974,52.01,60.00,2026-04-17,,,2026-04-29,,,2026-02-23 17:47:44.517638+00:00,2026-03-19 14:50:32.557183+00:00
IVZ,NYQ,10302105600.00,,51,Higher risk,,,,,,,,,,,,2026-02-23 17:47:48.339621+00:00,2026-03-16 16:13:32.640653+00:00
IX,NYQ,33380954112.00,,64,Higher risk,,,,,,,,,,,,2026-02-23 17:47:45.590094+00:00,2026-03-16 16:13:29.127249+00:00
J,NYQ,15258780672.00,,68,Quality (selective),,,,,,,,,,,,2026-02-23 17:47:47.441662+00:00,2026-03-16 16:13:31.315477+00:00
JAZZ,NMS,11171972096.00,,61,Higher risk,,,,,,,,,,,,2026-02-23 17:47:48.499088+00:00,2026-03-16 16:13:32.317458+00:00
JBHT,NMS,19374075904.00,,74,Quality (selective),,,,,,,,,,,,2026-02-23 17:47:46.762408+00:00,2026-03-16 16:13:30.535969+00:00
JBL,NYQ,27508516864.00,,86,Higher risk,,266.3450,135.4411,76.63,54.00,2026-04-17,1,0.4956,2026-03-18,2.7800,,2026-02-23 17:47:46.092614+00:00,2026-03-19 14:50:35.280189+00:00
JBS,NYQ,16979681280.00,,45,Higher risk,,,,,,,,,,,,2026-02-23 17:47:47.095279+00:00,2026-03-16 16:13:30.973672+00:00
JBTM,NYQ,6800701952.00,,46,Higher risk,,,,,,,,,,,,2026-02-23 17:47:49.142600+00:00,2026-03-16 16:13:34.336111+00:00
JCI,NYQ,80514056192.00,,63,Higher risk,,,,,,,,,,,,2026-02-23 17:47:44.478884+00:00,2026-03-16 16:13:27.342932+00:00
JD,NMS,41802248192.00,,59,Higher risk,,,,,,,,,,,,2026-02-23 17:47:45.571381+00:00,2026-03-16 16:13:28.640637+00:00
JEF,NYQ,7683613184.00,,39,Higher risk,,,,,,,,,,,,2026-02-23 17:47:48.514822+00:00,2026-03-16 16:13:33.747850+00:00
JHG,NYQ,7744610816.00,,85,High-quality compounder,,50.7000,59.0440,66.94,91.00,2026-04-17,,,2026-05-07,,,2026-02-23 17:47:49.623692+00:00,2026-03-19 14:50:38.517085+00:00
JHX,NYQ,11553742848.00,,87,High-quality compounder,,19.2100,17.0717,40.81,49.00,2026-04-17,,,2026-05-26,,,2026-02-23 17:47:47.697685+00:00,2026-03-19 14:50:43.541532+00:00
JKHY,NMS,12043917312.00,,100,High-quality compounder,,166.6250,156.5885,48.42,68.00,2026-04-17,,,2026-05-12,,,2026-02-23 17:47:48.281933+00:00,2026-03-19 14:50:42.117416+00:00
JLL,NYQ,14306581504.00,,69,Quality (selective),,,,,,,,,,,,2026-02-23 17:47:47.622661+00:00,2026-03-16 16:13:31.498369+00:00
JNJ,NYQ,583701626880.00,,94,High-quality compounder,,237.7150,298.0209,73.77,48.00,2026-04-17,,,2026-04-21,,,2026-02-23 17:47:43.482696+00:00,2026-03-19 14:50:46.633153+00:00
JOBY,NYQ,9367330816.00,,31,Higher risk,,,,,,,,,,,,2026-02-23 17:47:48.960001+00:00,2026-03-16 16:13:32.944028+00:00
JPM,NYQ,772241293312.00,,72,Higher risk,,,,,,,,,,,,2026-02-23 17:47:43.464723+00:00,2026-03-16 16:13:26.076570+00:00
JPM-PC,NYQ,328989179904.00,,72,Higher risk,,,,,,,,,,,,2026-02-23 17:47:43.578367+00:00,2026-03-16 16:13:26.164331+00:00
JPM-PD,NYQ,329352675328.00,,72,Higher risk,,,,,,,,,,,,2026-02-23 17:47:43.573612+00:00,2026-03-16 16:13:26.168348+00:00
JSM,NGM,5048995840.00,,46,Higher risk,,,,,,,,,,,,2026-02-23 17:47:50.288194+00:00,2026-03-16 16:13:34.830688+00:00
JXN,NYQ,7455525888.00,,73,Quality (selective),,,,,,,,,,,,2026-02-23 17:47:49.516170+00:00,2026-03-16 16:13:33.916265+00:00
KB,NYQ,36436099072.00,,47,Higher risk,,,,,,,,,,,,2026-02-23 17:47:45.494267+00:00,2026-03-16 16:13:28.968489+00:00
KBR,NYQ,5237412352.00,,52,Higher risk,,,,,,,,,,,,2026-02-23 17:47:50.920315+00:00,2026-02-23 17:48:27.152806+00:00
KDP,NMS,37859229696.00,,65,Quality (selective),,,,,,,,,,,,2026-02-23 17:47:45.555766+00:00,2026-03-16 16:13:28.905802+00:00
KEP,NYQ,20799637504.00,,40,Higher risk,,,,,,,,,,,,2026-02-23 17:47:46.088472+00:00,2026-03-16 16:13:30.314851+00:00
KEX,NYQ,6819444224.00,,73,Quality (selective),,,,,,,,,,,,2026-02-23 17:47:49.724755+00:00,2026-03-16 16:13:34.300532+00:00
KEY,NYQ,20785027072.00,,47,Higher risk,,,,,,,,,,,,2026-02-23 17:47:46.587830+00:00,2026-03-16 16:13:30.332212+00:00
KEY-PI,NYQ,14967685120.00,,47,Higher risk,,,,,,,,,,,,2026-02-23 17:47:47.560006+00:00,2026-03-16 16:13:31.360548+00:00
KEY-PJ,NYQ,14462667776.00,,47,Higher risk,,,,,,,,,,,,2026-02-23 17:47:47.589800+00:00,2026-03-16 16:13:31.450449+00:00
KEY-PK,NYQ,17554266112.00,,47,Higher risk,,,,,,,,,,,,2026-02-23 17:47:47.073656+00:00,2026-03-16 16:13:30.870622+00:00
KEYS,NYQ,49561296896.00,,93,High-quality compounder,,283.8025,124.7329,73.77,83.00,2026-04-17,2,0.4067,2026-05-19,2.7200,,2026-02-23 17:47:45.480748+00:00,2026-03-19 14:50:46.328140+00:00
KGC,NYQ,36988948480.00,,100,High-quality compounder,,27.0900,41.8312,64.43,57.00,2026-04-17,266,0.6266,2026-05-05,4.9600,,2026-02-23 17:47:45.442535+00:00,2026-03-19 14:50:51.074565+00:00
KHC,NMS,26841411584.00,,61,Higher risk,,,,,,,,,,,,2026-02-23 17:47:46.030001+00:00,2026-03-16 16:13:29.651605+00:00
KIM,NYQ,15768463360.00,,68,Higher risk,,,,,,,,,,,,2026-02-23 17:47:47.409031+00:00,2026-03-16 16:13:31.197866+00:00
KIM-PL,NYQ,6431617024.00,,68,Higher risk,,,,,,,,,,,,2026-02-23 17:47:49.982300+00:00,2026-03-16 16:13:34.558293+00:00
KIM-PM,NYQ,6593255424.00,,68,Higher risk,,,,,,,,,,,,2026-02-23 17:47:49.840268+00:00,2026-03-16 16:13:34.446078+00:00
KKR,NYQ,79581446144.00,,41,Higher risk,,,,,,,,,,,,2026-02-23 17:47:44.507611+00:00,2026-03-16 16:13:27.376590+00:00
KLAC,NMS,188644573184.00,,100,High-quality compounder,,1476.1450,714.4949,80.48,48.00,2026-04-17,1,0.5261,2026-04-29,3.9400,,2026-02-23 17:47:43.842691+00:00,2026-03-19 14:50:48.867348+00:00
KLAR,NYQ,5673943552.00,,41,Higher risk,,,,,,,,,,,,2026-03-16 16:13:35.170808+00:00,2026-03-16 16:13:35.170808+00:00
KMB,NMS,32961550336.00,,85,High-quality compounder,,98.6400,253.8686,36.76,60.00,2026-04-17,,,2026-04-28,,,2026-02-23 17:47:45.680363+00:00,2026-03-19 14:50:55.614063+00:00
KMI,NYQ,74097180672.00,,71,Quality (selective),,,,,,,,,,,,2026-02-23 17:47:44.716944+00:00,2026-03-16 16:13:27.519819+00:00
KMX,NYQ,6184378880.00,,37,Higher risk,,,,,,,,,,,,2026-02-23 17:47:50.283632+00:00,2026-03-16 16:13:34.815520+00:00
KNSL,NYQ,8432061440.00,,100,High-quality compounder,,332.0000,1129.1409,40.82,50.00,2026-04-17,1,0.4332,2026-04-23,3.1400,,2026-02-23 17:47:49.063499+00:00,2026-03-19 14:50:53.618636+00:00
KNX,NYQ,8587734016.00,,49,Higher risk,,,,,,,,,,,,2026-02-23 17:47:48.809647+00:00,2026-03-16 16:13:33.291996+00:00
KO,NYQ,336063201280.00,,84,High-quality compounder,,75.8489,66.5195,58.83,60.00,2026-04-17,,,2026-05-05,,,2026-02-23 17:47:43.562687+00:00,2026-03-19 14:50:56.776756+00:00
KOF,NYQ,20548241408.00,,88,High-quality compounder,,95.8900,151.6656,54.79,57.00,2026-04-17,,0.5668,2026-04-24,2.6700,,2026-02-23 17:47:46.643433+00:00,2026-03-19 14:51:01.205307+00:00
KR,NYQ,46013161472.00,,49,Higher risk,,,,,,,,,,,,2026-02-23 17:47:45.366355+00:00,2026-03-16 16:13:28.404578+00:00
KRG,NYQ,5675556864.00,,73,Higher risk,,,,,,,,,,,,2026-02-23 17:47:50.453783+00:00,2026-03-16 16:13:35.207737+00:00
KRMN,NYQ,13406908416.00,,55,Higher risk,,,,,,,,,,,,2026-02-23 17:47:48.434728+00:00,2026-03-16 16:13:31.650294+00:00
KRYS,NMS,7311700992.00,,43,Higher risk,,,,,,,,,,,,2026-02-23 17:47:49.442050+00:00,2026-03-16 16:13:33.955075+00:00
KSPI,NMS,14374246400.00,,87,High-quality compounder,,72.9750,487.8500,43.97,39.80,2026-04-17,3,0.4846,2026-04-27,3.6800,,2026-02-23 17:47:47.627137+00:00,2026-03-19 14:50:59.605990+00:00
KT,NYQ,10373518336.00,,53,Higher risk,,,,,,,,,,,,2026-02-23 17:47:48.254576+00:00,2026-03-16 16:13:32.583729+00:00
KTOS,NMS,16342234112.00,,20,Higher risk,,,,,,,,,,,,2026-02-23 17:47:47.436457+00:00,2026-03-16 16:13:31.068343+00:00
KVUE,NYQ,33744066560.00,,80,High-quality compounder,,17.5050,56.6025,41.47,60.00,2026-04-17,,,2026-05-14,,,2026-02-23 17:47:45.696457+00:00,2026-03-19 14:51:03.082449+00:00
KVYO,NYQ,5926332416.00,,54,Higher risk,,,,,,,,,,,,2026-03-16 16:13:34.990640+00:00,2026-03-16 16:13:34.990640+00:00
KYMR,NGM,6569763328.00,,20,Higher risk,,,,,,,,,,,,2026-02-23 17:47:49.878689+00:00,2026-03-16 16:13:34.467517+00:00
L,NYQ,22593056768.00,,74,Quality (selective),,,,,,,,,,,,2026-02-23 17:47:46.652555+00:00,2026-03-16 16:13:30.119129+00:00
LAD,NYQ,5943070720.00,,35,Higher risk,,,,,,,,,,,,2026-02-23 17:47:49.885954+00:00,2026-03-16 16:13:34.984445+00:00
LAMR,NMS,13473933312.00,,76,Quality (selective),,129.4300,93.5770,55.55,86.60,2026-04-17,14,0.2742,2026-05-14,4.7200,,2026-02-23 17:47:47.906116+00:00,2026-03-19 14:51:07.094434+00:00
LB,NYQ,5714499072.00,,84,Higher risk,,76.4000,646.0816,71.29,97.00,2026-04-17,20,0.7064,2026-05-06,3.6800,,2026-02-23 17:47:50.915457+00:00,2026-03-19 14:51:06.046436+00:00
LBRDA,NMS,7235154944.00,,24,Higher risk,,,,,,,,,,,,2026-02-23 17:47:49.585990+00:00,2026-03-16 16:13:34.049547+00:00
LBRDK,NMS,7265290240.00,,24,Higher risk,,,,,,,,,,,,2026-02-23 17:47:49.580991+00:00,2026-03-16 16:13:34.035186+00:00
LDOS,NYQ,21322407936.00,,84,High-quality compounder,,166.3300,519.8283,54.58,39.80,2026-04-17,3,0.3214,2026-05-05,2.0300,,2026-02-23 17:47:46.672689+00:00,2026-03-19 14:51:11.136551+00:00
LEA,NYQ,5967144448.00,,63,Higher risk,,,,,,,,,,,,2026-02-23 17:47:49.899384+00:00,2026-03-16 16:13:34.957218+00:00
LECO,NMS,14304199680.00,,96,High-quality compounder,,255.5600,209.0123,59.38,54.00,2026-04-17,1,0.4032,2026-04-29,2.0400,,2026-02-23 17:47:47.486740+00:00,2026-03-19 14:51:09.371293+00:00
LEN,NYQ,23486869504.00,,63,Higher risk,,,,,,,,,,,,2026-02-23 17:47:46.096864+00:00,2026-03-16 16:13:29.992782+00:00
LEN-B,NYQ,23618009088.00,,63,Higher risk,,,,,,,,,,,,2026-02-23 17:47:46.083471+00:00,2026-03-16 16:13:29.966948+00:00
LEVI,NYQ,7324146176.00,,76,Quality (selective),,18.0500,8.9647,47.24,49.00,2026-04-17,25,0.5435,2026-04-06,3.8200,,2026-02-23 17:47:49.124410+00:00,2026-03-19 14:51:13.160437+00:00
LFUS,NMS,8381443072.00,,60,Higher risk,,,,,,,,,,,,2026-02-23 17:47:48.940308+00:00,2026-03-16 16:13:33.404686+00:00
LGN,NMS,5537922048.00,,36,Higher risk,,,,,,,,,,,,2026-02-23 17:47:50.602544+00:00,2026-03-16 16:13:35.361511+00:00
LH,NYQ,22072954880.00,,67,Quality (selective),,,,,,,,,,,,2026-02-23 17:47:46.512797+00:00,2026-03-16 16:13:30.157569+00:00
LHX,NYQ,68521201664.00,,72,Quality (selective),,,,,,,,,,,,2026-02-23 17:47:44.840655+00:00,2026-03-16 16:13:27.705431+00:00
LI,NMS,18816874496.00,,73,Quality (selective),,,,,,,,,,,,2026-02-23 17:47:46.979992+00:00,2026-03-16 16:13:30.683185+00:00
LII,NYQ,16909641728.00,,99,High-quality compounder,,470.4300,399.0534,45.41,60.00,2026-04-17,,0.4244,2026-04-22,2.6100,,2026-02-23 17:47:46.942277+00:00,2026-03-19 14:51:15.087441+00:00
LIN,NMS,229968609280.00,,83,High-quality compounder,,484.3600,318.1107,58.18,93.25,2026-04-17,,,2026-05-07,,,2026-02-23 17:47:43.738525+00:00,2026-03-19 14:51:17.177233+00:00
LINE,NMS,9379389440.00,,21,Higher risk,,,,,,,,,,,,2026-02-23 17:47:48.870588+00:00,2026-03-16 16:13:32.959339+00:00
LITE,NMS,46900518912.00,,35,Higher risk,,,,,,,,,,,,2026-02-23 17:47:45.283848+00:00,2026-03-16 16:13:28.342626+00:00
LKQ,NMS,7423013888.00,,66,Quality (selective),,,,,,,,,,,,2026-02-23 17:47:49.111337+00:00,2026-03-16 16:13:33.922465+00:00
LLY,NYQ,878917386240.00,,82,High-quality compounder,,914.2300,1133.0152,55.64,51.00,2026-04-17,12,0.3819,2026-04-30,2.5500,,2026-02-23 17:47:43.458041+00:00,2026-03-19 14:51:18.814045+00:00
LLYVA,NMS,8461391360.00,,30,Higher risk,,,,,,,,,,,,2026-02-23 17:47:49.045039+00:00,2026-03-16 16:13:33.345833+00:00
LLYVK,NMS,8644334592.00,,30,Higher risk,,,,,,,,,,,,2026-02-23 17:47:49.041324+00:00,2026-03-16 16:13:33.272845+00:00
LMT,NYQ,148406960128.00,,72,Quality (selective),,,,,,,,,,,,2026-02-23 17:47:43.954033+00:00,2026-03-16 16:13:26.582106+00:00
LNC,NYQ,6346167808.00,,45,Higher risk,,,,,,,,,,,,2026-02-23 17:47:49.915434+00:00,2026-03-16 16:13:34.657489+00:00
LNG,NYQ,54379065344.00,,78,Quality (selective),,297.7350,1395.0587,73.89,76.00,2026-04-17,15,0.4796,2026-05-14,3.6800,,2026-02-23 17:47:45.216247+00:00,2026-03-19 14:51:20.982676+00:00
LNT,NMS,18786709504.00,,41,Higher risk,,,,,,,,,,,,2026-02-23 17:47:46.998456+00:00,2026-03-16 16:13:30.698909+00:00
LNTH,NGM,5247257600.00,,100,High-quality compounder,,79.1200,608.6500,52.71,,2026-04-17,100,0.5107,2026-05-06,3.3700,,2026-03-16 16:13:35.667500+00:00,2026-03-19 14:51:25.149089+00:00
LOAR,NYQ,6169720832.00,,63,Higher risk,,,,,,,,,,,,2026-02-23 17:47:50.313602+00:00,2026-03-16 16:13:34.784201+00:00
LOGI,NMS,13890864128.00,,93,High-quality compounder,,91.0700,132.1237,49.93,25.80,2026-04-17,36,0.4307,2026-05-05,2.1500,,2026-02-23 17:47:47.936094+00:00,2026-03-19 14:51:23.361679+00:00
LOW,NYQ,135876476928.00,,75,Quality (selective),,229.9700,149.3131,47.54,49.00,2026-04-17,,,2026-05-20,,,2026-02-23 17:47:43.948801+00:00,2026-03-19 14:51:31.219799+00:00
LPLA,NMS,22807638016.00,,57,Higher risk,,,,,,,,,,,,2026-02-23 17:47:46.428313+00:00,2026-03-16 16:13:30.079646+00:00
LPX,NYQ,5298726400.00,,86,Higher risk,,73.3350,34.0247,43.60,39.60,2026-04-17,1,0.3958,2026-05-05,2.7900,,2026-02-23 17:47:50.689186+00:00,2026-03-19 14:51:27.654510+00:00
LRCX,NMS,272809705472.00,,100,High-quality compounder,,227.7200,51.9722,83.97,57.00,2026-04-17,5,0.6794,2026-04-22,4.4000,,2026-02-23 17:47:43.636569+00:00,2026-03-19 14:51:29.640227+00:00
LSCC,NMS,12455769088.00,,91,High-quality compounder,,93.1900,14.5240,65.43,60.00,2026-04-17,10,0.6115,2026-05-04,3.4400,,2026-02-23 17:47:47.916337+00:00,2026-03-19 14:51:34.685891+00:00
LSTR,NMS,5115987456.00,,75,Quality (selective),,148.1275,123.0634,47.36,,2026-04-17,1,0.4124,2026-05-12,3.2200,,2026-03-16 16:13:35.796278+00:00,2026-03-19 14:51:33.742289+00:00
LTH,NYQ,5832365056.00,,34,Higher risk,,,,,,,,,,,,2026-02-23 17:47:50.296821+00:00,2026-03-16 16:13:35.052312+00:00
LTM,NYQ,14366408704.00,,49,Higher risk,,,,,,,,,,,,2026-02-23 17:47:47.342676+00:00,2026-03-16 16:13:31.475438+00:00
LULU,NMS,19076845568.00,,100,High-quality compounder,,162.6000,384.5818,37.23,35.60,2026-04-17,41,0.4278,2026-03-17,3.0600,,2026-02-23 17:47:46.772518+00:00,2026-03-19 14:51:41.736791+00:00
LUMN,NYQ,6938479616.00,,30,Higher risk,,,,,,,,,,,,2026-02-23 17:47:49.590379+00:00,2026-03-16 16:13:34.203441+00:00
LUV,NYQ,20593115136.00,,30,Higher risk,,,,,,,,,,,,2026-02-23 17:47:46.244295+00:00,2026-03-16 16:13:30.377000+00:00
LVS,NYQ,36551831552.00,,62,Higher risk,,,,,,,,,,,,2026-02-23 17:47:45.638547+00:00,2026-03-16 16:13:28.953702+00:00
LW,NYQ,5540654592.00,,57,Higher risk,,,,,,,,,,,,2026-02-23 17:47:50.086093+00:00,2026-03-16 16:13:35.384438+00:00
LYB,NYQ,23014211584.00,,53,Higher risk,,,,,,,,,,,,2026-02-23 17:47:47.044408+00:00,2026-03-16 16:13:30.066936+00:00
LYFT,NMS,5387317248.00,,40,Higher risk,,,,,,,,,,,,2026-02-23 17:47:50.903162+00:00,2026-03-16 16:13:35.523649+00:00
LYG,NYQ,75247542272.00,,55,Higher risk,,,,,,,,,,,,2026-02-23 17:47:44.257133+00:00,2026-03-16 16:13:27.137066+00:00
LYV,NYQ,36701888512.00,,63,Higher risk,,,,,,,,,,,,2026-02-23 17:47:45.674199+00:00,2026-03-16 16:13:28.946178+00:00
M,NYQ,5418697216.00,,48,Higher risk,,,,,,,,,,,,2026-02-23 17:47:50.788642+00:00,2026-02-23 17:48:27.028164+00:00
MA,NYQ,450092040192.00,,100,High-quality compounder,,491.5650,617.3342,45.93,48.20,2026-04-17,4,0.3104,2026-05-07,2.0200,,2026-02-23 17:47:43.507155+00:00,2026-03-19 14:51:36.717782+00:00
MAA,NYQ,15237594112.00,,71,Quality (selective),,,,,,,,,,,,2026-02-23 17:47:47.379504+00:00,2026-03-16 16:13:31.309338+00:00
MAA-PI,NYQ,11777211392.00,,71,Quality (selective),,,,,,,,,,,,2026-02-23 17:47:48.135690+00:00,2026-03-16 16:13:32.137544+00:00
MAC,NYQ,5129577472.00,,57,Higher risk,,,,,,,,,,,,2026-02-23 17:47:50.776627+00:00,2026-03-16 16:13:35.780407+00:00
MAIN,NYQ,5109186560.00,,47,Higher risk,,,,,,,,,,,,2026-02-23 17:47:51.079007+00:00,2026-02-23 17:48:27.334007+00:00
MANH,NMS,8543715840.00,,100,High-quality compounder,,139.1300,151.1226,36.10,68.00,2026-04-17,1,0.5224,2026-04-28,3.3500,,2026-02-23 17:47:49.383334+00:00,2026-03-19 14:51:38.709533+00:00
MAR,NMS,85078597632.00,,71,Quality (selective),,,,,,,,,,,,2026-02-23 17:47:44.408026+00:00,2026-03-16 16:13:27.249609+00:00
MAS,NYQ,12623639552.00,,92,High-quality compounder,,59.2300,71.9598,43.59,49.00,2026-04-17,,,2026-04-22,,,2026-02-23 17:47:47.576738+00:00,2026-03-19 14:51:43.184346+00:00
MASI,NMS,9425186816.00,,49,Higher risk,,,,,,,,,,,,2026-02-23 17:47:48.843199+00:00,2026-03-16 16:13:32.928791+00:00
MAT,NMS,5514452992.00,,65,Quality (selective),,,,,,,,,,,,2026-02-23 17:47:50.706206+00:00,2026-02-23 17:48:26.953851+00:00
MATX,NYQ,5202908672.00,,84,Higher risk,,155.9900,128.6597,64.15,54.00,2026-04-17,1,0.4659,2026-05-04,3.6700,,2026-02-23 17:47:50.939497+00:00,2026-03-19 14:51:47.616442+00:00
MBLY,NMS,6592224256.00,,49,Higher risk,,,,,,,,,,,,2026-02-23 17:47:49.694405+00:00,2026-03-16 16:13:34.452642+00:00
MCD,NYQ,233541304320.00,,85,High-quality compounder,,314.2650,232.2209,54.66,54.00,2026-04-17,,,2026-05-07,,,2026-02-23 17:47:43.733246+00:00,2026-03-19 14:51:45.687463+00:00
MCHP,NMS,34849124352.00,,61,Higher risk,,,,,,,,,,,,2026-02-23 17:47:45.536892+00:00,2026-03-16 16:13:29.017964+00:00
MCK,NYQ,116566589440.00,,65,Quality (selective),,,,,,,,,,,,2026-02-23 17:47:44.144728+00:00,2026-03-16 16:13:26.871738+00:00
MCO,NYQ,77493985280.00,,100,High-quality compounder,,437.5800,172.5970,46.79,68.00,2026-04-17,1,0.3561,2026-04-28,2.3100,,2026-02-23 17:47:44.613358+00:00,2026-03-19 14:51:51.222941+00:00
MDB,NGM,21546305536.00,,41,Higher risk,,,,,,,,,,,,2026-02-23 17:47:46.347040+00:00,2026-03-16 16:13:30.224161+00:00
MDGL,NMS,10247619584.00,,33,Higher risk,,,,,,,,,,,,2026-02-23 17:47:48.689764+00:00,2026-03-16 16:13:32.647687+00:00
MDLN,NMS,33967448064.00,,38,Higher risk,,,,,,,,,,,,2026-02-23 17:47:45.485144+00:00,2026-03-16 16:13:29.060988+00:00
MDLZ,NMS,72924610560.00,,63,Higher risk,,,,,,,,,,,,2026-02-23 17:47:44.642533+00:00,2026-03-16 16:13:27.549259+00:00
MDT,NYQ,113040670720.00,,78,Quality (selective),,87.2600,156.8064,47.39,37.20,2026-04-17,,,2026-05-20,,,2026-02-23 17:47:44.070726+00:00,2026-03-19 14:51:49.741026+00:00
MEDP,NMS,12964854784.00,,99,High-quality compounder,,463.7100,569.2308,56.19,35.00,2026-04-17,1,0.4320,2026-04-20,2.6900,,2026-02-23 17:47:48.081424+00:00,2026-03-19 14:51:54.779141+00:00
MELI,NMS,87452639232.00,,98,High-quality compounder,,1659.2900,5250.5194,42.98,34.80,2026-04-17,2,0.4185,2026-05-06,3.0400,,2026-02-23 17:47:44.335118+00:00,2026-03-19 14:51:54.351687+00:00
MET,NYQ,45618364416.00,,72,Quality (selective),,,,,,,,,,,,2026-02-23 17:47:45.235545+00:00,2026-03-16 16:13:28.412034+00:00
MET-PA,NYQ,41995554816.00,,72,Quality (selective),,,,,,,,,,,,2026-02-23 17:47:45.455929+00:00,2026-03-16 16:13:28.633158+00:00
MET-PE,NYQ,41336213504.00,,72,Quality (selective),,,,,,,,,,,,2026-02-23 17:47:45.421607+00:00,2026-03-16 16:13:28.697618+00:00
META,NMS,1580643254272.00,,99,High-quality compounder,,608.9000,617.2945,52.31,56.00,2026-04-17,48,0.3366,2026-04-29,2.5300,,2026-02-23 17:47:43.418482+00:00,2026-03-19 14:51:57.562620+00:00
MFC,NYQ,57064247296.00,,52,Higher risk,,,,,,,,,,,,2026-02-23 17:47:44.954813+00:00,2026-03-16 16:13:27.996981+00:00
MFG,NYQ,95408242688.00,,54,Higher risk,,,,,,,,,,,,2026-02-23 17:47:44.184585+00:00,2026-03-16 16:13:27.125573+00:00
MGA,NYQ,15774151680.00,,69,Quality (selective),,,,,,,,,,,,2026-02-23 17:47:47.065655+00:00,2026-03-16 16:13:31.189146+00:00
MGM,NYQ,9991189504.00,,58,Higher risk,,,,,,,,,,,,2026-02-23 17:47:48.889707+00:00,2026-03-16 16:13:32.734756+00:00
MGY,NYQ,5579149824.00,,88,High-quality compounder,,30.5000,54.6452,64.24,79.00,2026-04-17,,,2026-04-29,,,2026-02-23 17:47:51.096609+00:00,2026-03-19 14:51:59.680339+00:00
MHK,NYQ,6402220544.00,,64,Higher risk,,,,,,,,,,,,2026-02-23 17:47:49.456171+00:00,2026-03-16 16:13:34.607345+00:00
MICC,NYQ,9589560320.00,,66,Quality (selective),,,,,,,,,,,,2026-02-23 17:47:48.703173+00:00,2026-03-16 16:13:32.879623+00:00
MIDD,NMS,7262785536.00,,83,High-quality compounder,,137.4800,107.3141,48.53,45.00,2026-04-17,,0.4534,2026-05-06,2.1700,,2026-02-23 17:47:49.317248+00:00,2026-03-19 14:52:00.783938+00:00
MIR,NYQ,5156416512.00,,48,Higher risk,,,,,,,,,,,,2026-02-23 17:47:51.013829+00:00,2026-02-23 17:48:27.262687+00:00
MIRM,NGM,5582202880.00,,34,Higher risk,,,,,,,,,,,,2026-02-23 17:47:50.217789+00:00,2026-03-16 16:13:35.322376+00:00
MKC,NYQ,15327796224.00,,75,Quality (selective),,54.6250,69.2025,35.87,51.00,2026-04-17,,,2026-03-31,,,2026-02-23 17:47:47.012466+00:00,2026-03-19 14:52:06.715797+00:00
MKC-V,NYQ,15486972928.00,,75,Quality (selective),,57.6350,50.5119,26.74,51.00,,,,2026-03-31,,,2026-02-23 17:47:47.003755+00:00,2026-03-17 09:32:42.597469+00:00
MKL,NYQ,24950640640.00,,59,Higher risk,,,,,,,,,,,,2026-02-23 17:47:46.218963+00:00,2026-03-16 16:13:29.794794+00:00
MKSI,NMS,14879371264.00,,56,Higher risk,,,,,,,,,,,,2026-02-23 17:47:47.236312+00:00,2026-03-16 16:13:31.389295+00:00
MKTX,NMS,6650354688.00,,100,High-quality compounder,,176.3450,174.9743,42.32,92.15,2026-04-17,,0.3954,2026-05-06,3.0600,,2026-02-23 17:47:49.990695+00:00,2026-03-19 14:52:04.745195+00:00
MLI,NYQ,12328064000.00,,95,High-quality compounder,,109.9800,91.4219,64.92,40.00,2026-04-17,1,0.4218,2026-04-28,2.5000,,2026-02-23 17:47:47.941092+00:00,2026-03-19 14:52:07.196043+00:00
MLM,NYQ,35462275072.00,,84,High-quality compounder,,556.3800,388.3604,49.65,49.00,2026-04-17,1,0.3450,2026-04-29,2.2900,,2026-02-23 17:47:45.490144+00:00,2026-03-19 14:52:09.812062+00:00
MMM,NYQ,78586273792.00,,73,Quality (selective),,,,,,,,,,,,2026-02-23 17:47:44.484019+00:00,2026-03-16 16:13:27.397285+00:00
MMYT,NMS,5224543232.00,,66,Quality (selective),,,,,,,,,,,,2026-02-23 17:47:50.934822+00:00,2026-02-23 17:48:27.166060+00:00
MNSO,NYQ,5344395776.00,,92,High-quality compounder,,16.6400,219.2453,43.94,23.60,2026-04-17,14,0.6623,2026-03-20,2.5000,,2026-02-23 17:47:50.318601+00:00,2026-03-19 14:52:13.674490+00:00
MNST,NMS,76119244800.00,,93,High-quality compounder,,74.2700,168.4710,60.64,49.00,2026-04-17,34,0.2837,2026-04-30,2.0000,,2026-02-23 17:47:44.544246+00:00,2026-03-19 14:52:12.200797+00:00
MO,NYQ,114032164864.00,,93,High-quality compounder,,65.6450,106.4724,60.04,94.45,2026-04-17,,,2026-05-05,,,2026-02-23 17:47:44.157138+00:00,2026-03-19 14:52:15.999121+00:00
MOD,NYQ,10345069568.00,,63,Higher risk,,,,,,,,,,,,2026-02-23 17:47:48.214454+00:00,2026-03-16 16:13:32.612805+00:00
MOG-A,NYQ,9696849920.00,,63,Higher risk,,,,,,,,,,,,2026-02-23 17:47:48.390642+00:00,2026-03-16 16:13:32.831111+00:00
MOG-B,NYQ,9729911808.00,,63,Higher risk,,,,,,,,,,,,2026-02-23 17:47:48.394874+00:00,2026-03-16 16:13:32.807460+00:00
MOH,NYQ,7720880128.00,,50,Higher risk,,,,,,,,,,,,2026-02-23 17:47:49.303186+00:00,2026-03-16 16:13:33.739269+00:00
MORN,NMS,7539393536.00,,96,High-quality compounder,,185.1400,213.1139,31.66,51.00,2026-04-17,,0.3842,2026-04-29,2.1900,,2026-02-23 17:47:50.142024+00:00,2026-03-19 14:52:17.884419+00:00
MOS,NYQ,8826645504.00,,58,Higher risk,,,,,,,,,,,,2026-02-23 17:48:25.304857+00:00,2026-03-16 16:13:33.182669+00:00
MP,NYQ,10315354112.00,,24,Higher risk,,,,,,,,,,,,2026-02-23 17:47:48.760868+00:00,2026-03-16 16:13:32.604758+00:00
MPC,NYQ,68803395584.00,,49,Higher risk,,,,,,,,,,,,2026-02-23 17:47:44.979685+00:00,2026-03-16 16:13:27.696778+00:00
MPLX,NYQ,59406774272.00,,85,High-quality compounder,,57.5900,85.5827,69.46,91.55,2026-04-17,,,2026-05-05,,,2026-02-23 17:47:44.967295+00:00,2026-03-19 14:52:19.187773+00:00
MPWR,NMS,53352587264.00,,83,High-quality compounder,,1077.1000,474.0304,65.49,57.00,2026-04-17,1,0.5520,2026-05-07,3.9200,,2026-02-23 17:47:44.985835+00:00,2026-03-19 14:52:22.809474+00:00
MRCY,NMS,5143254016.00,,41,Higher risk,,,,,,,,,,,,2026-02-23 17:47:51.026920+00:00,2026-02-23 17:48:27.275785+00:00
MRK,NYQ,284300345344.00,,87,High-quality compounder,,114.1800,131.4612,58.94,48.00,2026-04-17,6,0.3235,2026-04-30,2.0200,,2026-02-23 17:47:43.621434+00:00,2026-03-19 14:52:26.051988+00:00
MRNA,NMS,20422318080.00,,38,Higher risk,,,,,,,,,,,,2026-02-23 17:47:46.911471+00:00,2026-03-16 16:13:30.408852+00:00
MRP,NYQ,5017456128.00,,32,Higher risk,,,,,,,,,,,,2026-02-23 17:47:51.138626+00:00,2026-02-23 17:48:27.373707+00:00
MRSH,NYQ,85175648256.00,,96,High-quality compounder,,171.0700,230.5834,38.69,62.00,,,,2026-04-16,,,2026-02-23 17:47:44.473151+00:00,2026-03-19 14:52:23.995795+00:00
MRVL,NMS,80265756672.00,,50,Higher risk,,,,,,,,,,,,2026-02-23 17:47:44.870328+00:00,2026-03-16 16:13:27.336978+00:00
MS,NYQ,248246059008.00,,47,Higher risk,,,,,,,,,,,,2026-02-23 17:47:43.653916+00:00,2026-03-16 16:13:26.235334+00:00
MS-PA,NYQ,68452519936.00,,47,Higher risk,,,,,,,,,,,,2026-02-23 17:47:44.774482+00:00,2026-03-16 16:13:27.636121+00:00
MS-PE,NYQ,64737607680.00,,47,Higher risk,,,,,,,,,,,,2026-02-23 17:47:44.609203+00:00,2026-03-16 16:13:27.384696+00:00
MS-PF,NYQ,65629085696.00,,47,Higher risk,,,,,,,,,,,,2026-02-23 17:47:44.580835+00:00,2026-03-16 16:13:27.330510+00:00
MS-PI,NYQ,67429171200.00,,47,Higher risk,,,,,,,,,,,,2026-02-23 17:47:44.550975+00:00,2026-03-16 16:13:27.288025+00:00
MS-PK,NYQ,66352967680.00,,47,Higher risk,,,,,,,,,,,,2026-02-23 17:47:44.530393+00:00,2026-03-16 16:13:27.275012+00:00
MSA,NYQ,6978659328.00,,100,High-quality compounder,,173.1300,237.0285,52.05,51.00,2026-04-17,,,2026-05-05,,,2026-02-23 17:47:49.545120+00:00,2026-03-19 14:52:27.315487+00:00
MSCI,NYQ,41430061056.00,,89,High-quality compounder,,554.5300,359.1829,49.00,68.00,2026-04-17,6,0.3444,2026-04-28,2.8000,,2026-02-23 17:47:45.523677+00:00,2026-03-19 14:52:30.855487+00:00
MSFT,NMS,2966632792064.00,,100,High-quality compounder,,390.0800,360.3878,43.70,56.00,2026-04-17,125,0.2772,2026-04-29,2.0300,,2026-02-23 17:47:43.393113+00:00,2026-03-19 14:52:30.517940+00:00
MSGS,NYQ,7681486848.00,,45,Higher risk,,,,,,,,,,,,2026-02-23 17:47:49.530282+00:00,2026-03-16 16:13:33.750826+00:00
MSI,NYQ,78953725952.00,,99,High-quality compounder,,466.4500,451.7767,59.68,85.00,2026-04-17,,,2026-05-07,,,2026-02-23 17:47:44.651996+00:00,2026-03-19 14:52:35.274246+00:00
MSM,NYQ,5066382336.00,,81,High-quality compounder,,87.2600,140.6396,50.77,65.33,2026-04-17,,,2026-04-02,,,2026-02-23 17:47:51.102021+00:00,2026-03-19 14:52:34.230962+00:00
MSTR,NMS,48167194624.00,,23,Higher risk,,,,,,,,,,,,2026-02-23 17:47:45.499573+00:00,2026-03-16 16:13:28.275373+00:00
MT,NYQ,39797727232.00,,60,Higher risk,,,,,,,,,,,,2026-02-23 17:47:45.160142+00:00,2026-03-16 16:13:28.815221+00:00
MTB,NYQ,30579085312.00,,71,Quality (selective),,,,,,,,,,,,2026-02-23 17:47:45.761765+00:00,2026-03-16 16:13:29.376874+00:00
MTCH,NMS,7139942912.00,,89,High-quality compounder,,31.2000,88.7276,41.19,68.00,2026-04-17,8,0.3865,2026-05-14,2.8500,,2026-02-23 17:47:49.609121+00:00,2026-03-19 14:52:37.991909+00:00
MTD,NYQ,24366231552.00,,93,High-quality compounder,,1185.8300,591.0146,44.97,30.80,2026-04-17,,0.3643,2026-04-30,2.6800,,2026-02-23 17:47:46.075878+00:00,2026-03-19 14:52:38.847262+00:00
MTDR,NYQ,7049874944.00,,100,High-quality compounder,,57.9400,153.8112,56.98,88.00,2026-04-17,1,0.4549,2026-04-22,2.9100,,2026-02-23 17:47:50.185564+00:00,2026-03-19 14:52:41.742300+00:00
MTG,NYQ,5724342272.00,,73,Higher risk,,,,,,,,,,,,2026-02-23 17:47:50.628089+00:00,2026-03-16 16:13:35.149038+00:00
MTH,NYQ,5337884672.00,,51,Higher risk,,,,,,,,,,,,2026-02-23 17:47:50.848698+00:00,2026-02-23 17:48:27.074099+00:00
MTSI,NMS,17044969472.00,,70,Quality (selective),,,,,,,,,,,,2026-02-23 17:47:47.086466+00:00,2026-03-16 16:13:30.941681+00:00
MTZ,NYQ,23508533248.00,,52,Higher risk,,,,,,,,,,,,2026-02-23 17:47:46.705228+00:00,2026-03-16 16:13:29.982398+00:00
MU,NMS,505573146624.00,,67,Quality (selective),,,,,,,,,,,,2026-02-23 17:47:43.501116+00:00,2026-03-16 16:13:26.110587+00:00
MUFG,NYQ,188389998592.00,,65,Higher risk,,,,,,,,,,,,2026-02-23 17:47:43.779290+00:00,2026-03-16 16:13:26.372715+00:00
MUR,NYQ,5167602176.00,,68,Quality (selective),,,,,,,,,,,,2026-03-16 16:13:35.746033+00:00,2026-03-16 16:13:35.746033+00:00
MUSA,NYQ,8489374720.00,,57,Higher risk,,,,,,,,,,,,2026-02-23 17:47:49.670139+00:00,2026-03-16 16:13:33.326870+00:00
NBIS,NMS,32788469760.00,,42,Higher risk,,,,,,,,,,,,2026-02-23 17:47:46.402145+00:00,2026-03-16 16:13:29.201226+00:00
NBIX,NMS,13135570944.00,,100,High-quality compounder,,127.6575,774.2749,49.20,50.00,2026-04-17,,,2026-05-04,,,2026-02-23 17:47:47.998446+00:00,2026-03-19 14:52:43.909419+00:00
NCLH,NYQ,8967415808.00,,28,Higher risk,,,,,,,,,,,,2026-02-23 17:47:48.461403+00:00,2026-03-16 16:13:33.127361+00:00
NDAQ,NMS,49071349760.00,,78,Quality (selective),,85.3300,62.2993,54.75,68.00,2026-04-17,2,0.3314,2026-04-23,2.3000,,2026-02-23 17:47:45.351570+00:00,2026-03-19 14:52:44.998103+00:00
NDSN,NMS,15006067712.00,,92,High-quality compounder,,266.2175,283.2077,57.76,45.00,2026-04-17,1,0.2786,2026-05-27,2.0600,,2026-02-23 17:47:47.363381+00:00,2026-03-19 14:52:46.843583+00:00
NE,NYQ,7332632064.00,,71,Quality (selective),,,,,,,,,,,,2026-02-23 17:47:49.735623+00:00,2026-03-16 16:13:33.961425+00:00
NEE,NYQ,193173733376.00,,37,Higher risk,,,,,,,,,,,,2026-02-23 17:47:43.826170+00:00,2026-03-16 16:13:26.357452+00:00
NEM,NYQ,119291412480.00,,95,Higher risk,,98.8800,358.8546,62.94,57.00,2026-04-17,93,0.5678,2026-04-22,4.6100,,2026-02-23 17:47:44.014142+00:00,2026-03-19 14:52:48.834097+00:00
NET,NYQ,74098892800.00,,48,Higher risk,,,,,,,,,,,,2026-02-23 17:47:44.995656+00:00,2026-03-16 16:13:27.526602+00:00
NEU,NYQ,5683901952.00,,100,High-quality compounder,,613.2400,1688.5436,49.53,68.00,2026-04-17,,0.3875,2026-04-22,2.4600,,2026-02-23 17:47:50.612305+00:00,2026-03-19 14:52:51.853966+00:00
NFG,NYQ,9091177472.00,,81,High-quality compounder,,94.2400,4.9500,68.63,76.00,2026-04-17,,,2026-04-29,,,2026-02-23 17:47:49.150861+00:00,2026-03-19 14:52:53.751372+00:00
NFLX,NMS,403127992320.00,,96,High-quality compounder,,93.0500,23.1458,51.86,38.00,2026-04-17,43,0.4482,2026-04-21,2.8500,,2026-02-23 17:47:43.584179+00:00,2026-03-19 14:52:59.129618+00:00
NGG,NYQ,90403258368.00,,43,Higher risk,,,,,,,,,,,,2026-02-23 17:47:44.401316+00:00,2026-03-16 16:13:27.152817+00:00
NI,NYQ,22782965760.00,,51,Higher risk,,,,,,,,,,,,2026-02-23 17:47:46.694499+00:00,2026-03-16 16:13:30.085505+00:00
NICE,NMS,7125353984.00,,99,High-quality compounder,,118.9900,513.9454,38.17,78.00,2026-04-17,2,0.4677,2026-05-21,2.3400,,2026-02-23 17:47:49.797498+00:00,2026-03-19 14:52:55.803206+00:00
NIO,NYQ,15437464576.00,,11,Higher risk,,,,,,,,,,,,2026-02-23 17:47:47.891489+00:00,2026-03-16 16:13:31.233989+00:00
NJR,NYQ,5557184512.00,,42,Higher risk,,,,,,,,,,,,2026-02-23 17:47:50.818250+00:00,2026-03-16 16:13:35.376860+00:00
NKE,NYQ,81117601792.00,,85,High-quality compounder,,53.0050,38.6345,33.54,39.60,2026-04-17,78,0.5148,2026-03-31,3.4400,,2026-02-23 17:47:44.386773+00:00,2026-03-19 14:52:58.544431+00:00
NLY,NYQ,15930229760.00,,52,Higher risk,,,,,,,,,,,,2026-02-23 17:47:47.348262+00:00,2026-03-16 16:13:31.171123+00:00
NLY-PF,NYQ,13282477056.00,,52,Higher risk,,,,,,,,,,,,2026-02-23 17:47:47.848992+00:00,2026-03-16 16:13:31.667469+00:00
NLY-PG,NYQ,13551437824.00,,52,Higher risk,,,,,,,,,,,,2026-02-23 17:47:47.791094+00:00,2026-03-16 16:13:31.622540+00:00
NMR,NYQ,22047135744.00,,23,Higher risk,,,,,,,,,,,,2026-02-23 17:47:46.191343+00:00,2026-03-16 16:13:30.165978+00:00
NNN,NYQ,8653640704.00,,69,Quality (selective),,,,,,,,,,,,2026-02-23 17:47:49.120468+00:00,2026-03-16 16:13:33.266118+00:00
NOC,NYQ,104363335680.00,,79,Quality (selective),,718.3725,1048.6797,73.33,93.00,2026-04-17,1,0.3148,2026-04-28,2.3200,,2026-02-23 17:47:44.239716+00:00,2026-03-19 14:53:03.919334+00:00
NOK,NYQ,48344743936.00,,78,Quality (selective),,8.1513,8.3624,71.54,91.00,2026-04-17,,,2026-04-23,,,2026-02-23 17:47:45.450931+00:00,2026-03-19 14:53:01.312271+00:00
NOV,NYQ,6719112192.00,,67,Quality (selective),,,,,,,,,,,,2026-02-23 17:47:49.661238+00:00,2026-03-16 16:13:34.373166+00:00
NOVT,NMS,5126242304.00,,76,Quality (selective),,116.9000,35.6852,43.21,60.00,2026-04-17,,0.7297,2026-05-05,5.2700,,2026-02-23 17:47:51.055282+00:00,2026-03-19 14:53:04.833474+00:00
NOW,NYQ,121594675200.00,,88,High-quality compounder,,113.5600,208.4233,36.04,56.00,2026-04-17,3,0.5189,2026-04-22,3.4700,,2026-02-23 17:47:44.223217+00:00,2026-03-19 14:53:11.108646+00:00
NPO,NYQ,5216808960.00,,74,Quality (selective),,,,,,,,,,,,2026-02-23 17:47:50.514349+00:00,2026-03-16 16:13:35.694718+00:00
NRG,NYQ,32410730496.00,,57,Higher risk,,,,,,,,,,,,2026-02-23 17:47:45.625308+00:00,2026-03-16 16:13:29.236552+00:00
NSA,NYQ,5798084096.00,,66,Quality (selective),,,,,,,,,,,,2026-02-23 17:48:27.324562+00:00,2026-03-16 16:13:35.081995+00:00
NSC,NYQ,65482956800.00,,75,Quality (selective),,279.8750,71.6418,53.80,86.90,2026-04-17,,,2026-04-22,,,2026-02-23 17:47:44.779067+00:00,2026-03-19 14:53:07.250582+00:00
NTAP,NMS,20237807616.00,,97,High-quality compounder,,103.9400,118.1900,50.63,56.00,2026-04-17,1,0.3905,2026-05-28,2.8500,,2026-02-23 17:47:46.901166+00:00,2026-03-19 14:53:10.755352+00:00
NTES,NMS,76664438784.00,,100,High-quality compounder,,116.8550,314.9601,50.94,27.00,2026-04-17,,,2026-05-21,,,2026-02-23 17:47:44.686852+00:00,2026-03-19 14:53:13.261781+00:00
NTNX,NMS,10989052928.00,,74,Higher risk,,,,,,,,,,,,2026-02-23 17:47:48.546213+00:00,2026-03-16 16:13:32.405974+00:00
NTR,NYQ,37891149824.00,,68,Quality (selective),,,,,,,,,,,,2026-02-23 17:47:45.795740+00:00,2026-03-16 16:13:28.884275+00:00
NTRA,NMS,27779323904.00,,33,Higher risk,,,,,,,,,,,,2026-02-23 17:47:46.022094+00:00,2026-03-16 16:13:29.575451+00:00
NTRS,NMS,25540173824.00,,56,Higher risk,,,,,,,,,,,,2026-02-23 17:47:46.213101+00:00,2026-03-16 16:13:29.743235+00:00
NU,NYQ,69120516096.00,,57,Higher risk,,,,,,,,,,,,2026-02-23 17:47:44.618694+00:00,2026-03-16 16:13:27.679563+00:00
NUE,NYQ,37319983104.00,,69,Quality (selective),,,,,,,,,,,,2026-02-23 17:47:45.513704+00:00,2026-03-16 16:13:28.920579+00:00
NUVL,NMS,7876243968.00,,21,Higher risk,,,,,,,,,,,,2026-02-23 17:47:49.397920+00:00,2026-03-16 16:13:33.630724+00:00
NVDA,NMS,4474672250880.00,,100,High-quality compounder,,178.0700,246.6245,64.48,53.00,2026-04-17,4133,0.3878,2026-05-27,2.5100,,2026-02-23 17:47:43.290667+00:00,2026-03-19 14:53:19.784539+00:00
NVMI,NMS,14008663040.00,,97,High-quality compounder,,461.4300,161.7214,75.18,48.00,2026-04-17,180,0.5984,2026-05-14,4.5100,,2026-02-23 17:47:47.983518+00:00,2026-03-19 14:53:15.389370+00:00
NVO,NYQ,169845850112.00,,90,High-quality compounder,,36.5750,84.8826,32.30,33.00,2026-04-17,156,0.5397,2026-05-06,4.1100,,2026-02-23 17:47:43.869165+00:00,2026-03-19 14:53:19.012292+00:00
NVR,NYQ,18517696512.00,,83,High-quality compounder,,6453.6000,7015.1543,41.67,31.20,,,,2026-04-28,,,2026-02-23 17:47:46.766518+00:00,2026-03-19 14:53:21.922553+00:00
NVS,NYQ,298060120064.00,,95,High-quality compounder,,148.6300,232.4008,64.05,60.00,2026-04-17,,,2026-05-05,,,2026-02-23 17:47:43.594090+00:00,2026-03-19 14:53:22.973276+00:00
NVT,NYQ,18431498240.00,,83,High-quality compounder,,119.0000,81.8078,71.97,57.00,2026-04-17,2,0.4850,2026-05-01,3.6500,,2026-02-23 17:47:47.016729+00:00,2026-03-19 14:53:24.935078+00:00
NWG,NYQ,61090127872.00,,51,Higher risk,,,,,,,,,,,,2026-02-23 17:47:44.825191+00:00,2026-03-16 16:13:27.938072+00:00
NWS,NMS,15038765056.00,,84,High-quality compounder,,27.0500,22.3183,45.12,45.80,2026-04-17,2,0.6648,2026-05-07,4.7000,,2026-02-23 17:47:47.638311+00:00,2026-03-19 14:53:28.921817+00:00
NWSA,NMS,13770361856.00,,77,Quality (selective),,23.8900,28.7232,43.14,68.00,2026-04-17,,,2026-05-07,,,2026-02-23 17:47:47.874400+00:00,2026-03-19 14:53:27.370701+00:00
NXE,NYQ,7747801600.00,,11,Higher risk,,,,,,,,,,,,2026-02-23 17:47:49.288842+00:00,2026-03-16 16:13:33.683796+00:00
NXPI,NMS,48686329856.00,,88,High-quality compounder,,191.1550,112.9979,44.07,39.60,2026-04-17,2,0.4734,2026-04-27,2.9700,,2026-02-23 17:47:44.990460+00:00,2026-03-19 14:53:33.487594+00:00
NXST,NMS,7130315264.00,,78,Higher risk,,226.4350,195.9967,60.92,94.00,2026-04-17,,0.3860,2026-05-07,2.5900,4128,2026-02-23 17:47:49.931312+00:00,2026-03-19 14:53:31.457954+00:00
NXT,NMS,17929236480.00,,89,Higher risk,,115.1300,102.1255,70.48,57.00,2026-04-17,9,0.6577,2026-05-20,5.2700,,2026-02-23 17:47:47.175074+00:00,2026-03-19 14:53:34.933498+00:00
NYT,NYQ,12992790528.00,,100,High-quality compounder,,81.1700,109.1732,75.80,67.00,2026-04-17,,,2026-05-06,,,2026-02-23 17:47:48.130147+00:00,2026-03-19 14:53:37.405448+00:00
O,NYQ,60956381184.00,,63,Higher risk,,,,,,,,,,,,2026-02-23 17:47:44.932388+00:00,2026-03-16 16:13:27.889046+00:00
OAK-PB,NYQ,5477643264.00,,72,Quality (selective),,,,,,,,,,,,2026-02-23 17:47:50.260033+00:00,2026-03-16 16:13:34.755479+00:00
OBDC,NYQ,5644527616.00,,76,Higher risk,,11.4200,18.1054,32.55,47.00,2026-04-17,,,2026-05-06,,,2026-02-23 17:47:50.442474+00:00,2026-03-19 14:53:39.133591+00:00
OC,NYQ,8829858816.00,,77,Quality (selective),,103.1500,266.4485,38.13,45.00,2026-04-17,24,0.4657,2026-05-06,3.6500,,2026-02-23 17:47:48.415624+00:00,2026-03-19 14:53:42.204188+00:00
ODFL,NMS,38196011008.00,,97,High-quality compounder,,180.3800,61.8327,52.89,100.00,2026-04-17,8,0.4613,2026-04-22,2.7900,,2026-02-23 17:47:45.509356+00:00,2026-03-19 14:53:43.348515+00:00
OGE,NYQ,9980873728.00,,54,Higher risk,,,,,,,,,,,,2026-02-23 17:47:48.719395+00:00,2026-03-16 16:13:32.749018+00:00
OGS,NYQ,5494377472.00,,51,Higher risk,,,,,,,,,,,,2026-02-23 17:47:50.997685+00:00,2026-03-16 16:13:35.415718+00:00
OHI,NYQ,14715103232.00,,85,Higher risk,,47.4000,90.3966,67.09,91.47,2026-04-17,,,2026-05-07,,,2026-02-23 17:47:47.643160+00:00,2026-03-19 14:53:44.406380+00:00
OKE,NYQ,53796114432.00,,78,Higher risk,,89.0500,283.0424,57.34,91.00,2026-04-17,404,0.3354,2026-05-05,2.1200,,2026-02-23 17:47:45.044773+00:00,2026-03-19 14:53:50.844630+00:00
OKLO,NYQ,9093579776.00,,20,Higher risk,,,,,,,,,,,,2026-02-23 17:47:48.800238+00:00,2026-03-16 16:13:33.080787+00:00
OKTA,NMS,13800918016.00,,64,Higher risk,,,,,,,,,,,,2026-02-23 17:47:48.056736+00:00,2026-03-16 16:13:31.588936+00:00
OLLI,NGM,6633115136.00,,70,Quality (selective),,,,,,,,,,,,2026-02-23 17:47:50.147108+00:00,2026-03-16 16:13:34.414507+00:00
OMAB,NMS,5211158528.00,,100,High-quality compounder,,107.7800,118.4500,59.54,43.00,2026-04-17,,,2026-05-05,,,2026-02-23 17:47:50.255875+00:00,2026-03-19 14:53:46.898051+00:00
OMC,NYQ,24488749056.00,,73,Quality (selective),,,,,,,,,,,,2026-02-23 17:47:46.313400+00:00,2026-03-16 16:13:29.837842+00:00
OMF,NYQ,6140896256.00,,70,Quality (selective),,,,,,,,,,,,2026-02-23 17:47:50.213555+00:00,2026-03-16 16:13:34.852354+00:00
ON,NMS,24243298304.00,,90,High-quality compounder,,59.4200,29.5732,50.27,49.00,2026-04-17,1,0.5466,2026-05-04,3.2900,,2026-02-23 17:47:46.120657+00:00,2026-03-19 14:53:51.242240+00:00
ONB,NMS,8499312640.00,,63,Higher risk,,,,,,,,,,,,2026-02-23 17:47:48.864309+00:00,2026-03-16 16:13:33.321238+00:00
ONC,NMS,33377374208.00,,46,Higher risk,,,,,,,,,,,,2026-02-23 17:47:45.542156+00:00,2026-03-16 16:13:29.135177+00:00
ONON,NYQ,12917608448.00,,54,Higher risk,,,,,,,,,,,,2026-02-23 17:47:47.478191+00:00,2026-03-16 16:13:31.808615+00:00
ONTO,NYQ,9680280576.00,,96,High-quality compounder,,201.0900,75.4471,61.04,51.00,2026-04-17,1,0.6778,2026-05-06,4.9700,,2026-02-23 17:47:48.542136+00:00,2026-03-19 14:53:53.321338+00:00
OPCH,NMS,5754171392.00,,72,Quality (selective),,,,,,,,,,,,2026-02-23 17:47:50.541546+00:00,2026-02-23 17:48:26.813182+00:00
OR,NYQ,7513793536.00,,89,High-quality compounder,,34.4650,10.7843,58.10,60.00,2026-04-17,,,2026-05-06,,,2026-02-23 17:47:49.158489+00:00,2026-03-19 14:53:56.765422+00:00
ORA,NYQ,6814686208.00,,31,Higher risk,,,,,,,,,,,,2026-02-23 17:47:49.832528+00:00,2026-03-16 16:13:34.329576+00:00
ORCL,NYQ,448611123200.00,,67,Quality (selective),,,,,,,,,,,,2026-02-23 17:47:43.525581+00:00,2026-03-16 16:13:26.119425+00:00
ORI,NYQ,10007366656.00,,90,High-quality compounder,,38.9600,92.9221,52.92,51.00,2026-04-17,,,2026-04-23,,,2026-02-23 17:47:48.533119+00:00,2026-03-19 14:53:56.093722+00:00
ORLY,NMS,76703735808.00,,82,High-quality compounder,,87.6100,108.5706,51.46,51.00,2026-04-17,9,0.3202,2026-04-22,2.1800,,2026-02-23 17:47:44.605176+00:00,2026-03-19 14:54:00.320868+00:00
OS,NMS,5810415104.00,,36,Higher risk,,,,,,,,,,,,2026-02-23 17:47:50.547450+00:00,2026-03-16 16:13:35.067545+00:00
OSK,NYQ,9305342976.00,,78,Higher risk,,143.9100,15.2467,57.89,51.00,2026-04-17,1,0.4652,2026-04-29,2.6300,,2026-02-23 17:47:48.343620+00:00,2026-03-19 14:54:00.848128+00:00
OTEX,NMS,5706640896.00,,67,Quality (selective),,,,,,,,,,,,2026-02-23 17:47:50.322841+00:00,2026-03-16 16:13:35.156019+00:00
OTF,NYQ,5698988544.00,,50,Higher risk,,,,,,,,,,,,2026-02-23 17:48:27.187327+00:00,2026-03-16 16:13:35.186599+00:00
OTIS,NYQ,32492558336.00,,78,Quality (selective),,79.4200,84.2347,41.79,60.00,2026-04-17,10,0.2773,2026-04-22,2.0600,,2026-02-23 17:47:45.740293+00:00,2026-03-19 14:54:08.387540+00:00
OVV,NYQ,15665617920.00,,72,Quality (selective),,,,,,,,,,,,2026-02-23 17:47:47.656996+00:00,2026-03-16 16:13:31.205020+00:00
OWL,NYQ,13505239040.00,,60,Higher risk,,,,,,,,,,,,2026-02-23 17:47:47.374508+00:00,2026-03-16 16:13:31.633787+00:00
OXY,NYQ,56532803584.00,,75,Quality (selective),,60.4200,90.1983,61.67,85.00,2026-04-17,29,0.3987,2026-05-06,2.4400,,2026-02-23 17:47:45.107040+00:00,2026-03-19 14:54:02.858731+00:00
OZK,NMS,5380205568.00,,66,Quality (selective),,,,,,,,,,,,2026-02-23 17:47:50.824534+00:00,2026-02-23 17:48:27.056827+00:00
PAA,NMS,14950217728.00,,39,Higher risk,,,,,,,,,,,,2026-02-23 17:47:47.617324+00:00,2026-03-16 16:13:31.376030+00:00
PAAS,NYQ,23055941632.00,,72,Higher risk,,,,,,,,,,,,2026-02-23 17:47:46.153718+00:00,2026-03-16 16:13:30.054512+00:00
PAC,NYQ,11606728704.00,,100,High-quality compounder,,232.5800,450.8127,55.43,43.00,,,,2026-05-05,,,2026-02-23 17:47:47.722883+00:00,2026-03-19 14:54:04.058412+00:00
PACS,NYQ,5595860480.00,,53,Higher risk,,,,,,,,,,,,2026-02-23 17:47:50.227206+00:00,2026-03-16 16:13:35.312111+00:00
PAG,NYQ,9569575936.00,,40,Higher risk,,,,,,,,,,,,2026-02-23 17:47:48.424579+00:00,2026-03-16 16:13:32.884416+00:00
PAGP,NMS,5373358592.00,,64,Higher risk,,,,,,,,,,,,2026-02-23 17:47:51.002660+00:00,2026-03-16 16:13:35.545352+00:00
PANW,NMS,137063522304.00,,71,Quality (selective),,,,,,,,,,,,2026-02-23 17:47:44.150455+00:00,2026-03-16 16:13:26.681845+00:00
PATH,NYQ,6211117568.00,,64,Higher risk,,,,,,,,,,,,2026-02-23 17:47:50.759561+00:00,2026-03-16 16:13:34.762192+00:00
PAYC,NYQ,6798475776.00,,100,High-quality compounder,,126.2000,260.6026,33.12,68.00,2026-04-17,4,0.5214,2026-05-06,3.8300,,2026-02-23 17:47:50.201280+00:00,2026-03-19 14:54:07.438153+00:00
PAYP,NMS,13459430400.00,,35,Higher risk,,,,,,,,,,,,2026-03-16 16:13:31.644997+00:00,2026-03-16 16:13:31.644997+00:00
PAYX,NMS,33453971456.00,,97,High-quality compounder,,92.1100,155.5585,30.14,68.00,2026-04-17,,,2026-03-25,,,2026-02-23 17:47:45.916335+00:00,2026-03-19 14:54:10.948097+00:00
PB,NYQ,6623114752.00,,56,Higher risk,,,,,,,,,,,,2026-02-23 17:47:49.922239+00:00,2026-03-16 16:13:34.421698+00:00
PBA,NYQ,25716563968.00,,71,Quality (selective),,,,,,,,,,,,2026-02-23 17:47:46.291513+00:00,2026-03-16 16:13:29.721159+00:00
PBF,NYQ,5092162560.00,,44,Higher risk,,,,,,,,,,,,2026-03-16 16:13:35.823058+00:00,2026-03-16 16:13:35.823058+00:00
PBR,NYQ,123055169536.00,,87,Higher risk,,20.1008,225.2461,68.57,91.00,2026-04-17,44,0.4322,2026-05-11,2.7400,,2026-02-23 17:47:44.233055+00:00,2026-03-19 14:54:13.375966+00:00
PBR-A,NYQ,113543020544.00,,87,High-quality compounder,,123.4700,230.7845,40.43,94.00,2026-03-20,,,2026-05-11,,,2026-02-23 17:47:44.280201+00:00,2026-03-17 09:33:43.425974+00:00
PCAR,NMS,60193878016.00,,96,High-quality compounder,,112.8600,87.1963,57.22,48.00,2026-04-17,,,2026-05-05,,,2026-02-23 17:47:44.853909+00:00,2026-03-19 14:54:17.854908+00:00
PCG,NYQ,40387657728.00,,35,Higher risk,,,,,,,,,,,,2026-02-23 17:47:45.547230+00:00,2026-03-16 16:13:28.776408+00:00
PCOR,NYQ,8880438272.00,,57,Higher risk,,,,,,,,,,,,2026-02-23 17:47:49.538029+00:00,2026-03-16 16:13:33.165242+00:00
PCTY,NMS,5970828800.00,,100,High-quality compounder,,111.3200,379.9047,33.40,68.00,2026-04-17,3,0.5409,2026-05-07,2.9000,,2026-02-23 17:47:50.642681+00:00,2026-03-19 14:54:15.527096+00:00
PCVX,NMS,7934069760.00,,21,Higher risk,,,,,,,,,,,,2026-02-23 17:47:49.085050+00:00,2026-03-16 16:13:33.600717+00:00
PDD,NMS,148661125120.00,,99,High-quality compounder,,97.8300,369.8389,45.44,27.60,2026-04-17,197,0.5078,2026-03-19,2.6400,,2026-02-23 17:47:43.962852+00:00,2026-03-19 14:54:20.342121+00:00
PDI,NYQ,7312358400.00,,40,Higher risk,,,,,,,,,,,,2026-02-23 17:47:49.449171+00:00,2026-03-16 16:13:33.968636+00:00
PECO,NMS,5353527296.00,,66,Quality (selective),,,,,,,,,,,,2026-02-23 17:48:27.013414+00:00,2026-03-16 16:13:35.552677+00:00
PEG,NYQ,42258378752.00,,36,Higher risk,,,,,,,,,,,,2026-02-23 17:47:45.437215+00:00,2026-03-16 16:13:28.597461+00:00
PEGA,NMS,7328629760.00,,81,High-quality compounder,,43.1100,25.8080,48.52,68.00,2026-04-17,59,0.5774,2026-04-28,3.3100,,2026-02-23 17:47:49.802154+00:00,2026-03-19 14:54:22.894926+00:00
PEN,NYQ,13206071296.00,,48,Higher risk,,,,,,,,,,,,2026-02-23 17:47:47.901458+00:00,2026-03-16 16:13:31.697154+00:00
PEP,NMS,217188302848.00,,77,Quality (selective),,153.9800,200.8861,49.65,54.00,2026-04-17,1,0.3032,2026-04-23,2.2200,,2026-02-23 17:47:43.754774+00:00,2026-03-19 14:54:22.416684+00:00
PFE,NYQ,150970974208.00,,80,High-quality compounder,,27.3650,29.0967,48.31,60.00,2026-04-17,,,2026-05-05,,,2026-02-23 17:47:43.944803+00:00,2026-03-19 14:54:25.977946+00:00
PFG,NMS,19091417088.00,,98,High-quality compounder,,85.7700,365.7361,52.61,60.00,2026-04-17,1,0.5161,2026-04-23,2.0900,,2026-02-23 17:47:46.867019+00:00,2026-03-19 14:54:26.840199+00:00
PFGC,NYQ,13761085440.00,,56,Higher risk,,,,,,,,,,,,2026-02-23 17:47:47.571106+00:00,2026-03-16 16:13:31.607861+00:00
PG,NYQ,352870105088.00,,92,High-quality compounder,,145.8200,242.5821,44.61,57.00,2026-04-17,,,2026-04-23,,,2026-02-23 17:47:43.530490+00:00,2026-03-19 14:54:29.399934+00:00
PGR,NYQ,120625995776.00,,99,High-quality compounder,,200.1200,1297.8479,43.94,68.00,2026-04-17,,,2026-04-15,,,2026-02-23 17:47:44.134856+00:00,2026-03-19 14:54:34.440191+00:00
PH,NYQ,112421060608.00,,92,High-quality compounder,,894.6400,354.6781,67.09,51.00,2026-04-17,,0.3497,2026-05-07,2.6700,2660,2026-02-23 17:47:44.063084+00:00,2026-03-19 14:54:31.953519+00:00
PHG,NYQ,26909011968.00,,38,Higher risk,,,,,,,,,,,,2026-02-23 17:47:45.996601+00:00,2026-03-16 16:13:29.629469+00:00
PHI,NYQ,5290561536.00,,73,Quality (selective),,,,,,,,,,,,2026-02-23 17:47:50.878903+00:00,2026-02-23 17:48:27.103958+00:00
PHM,NYQ,23246671872.00,,85,High-quality compounder,,116.1100,148.1687,51.66,51.00,2026-04-17,17,0.3985,2026-04-23,2.2300,,2026-02-23 17:47:46.196138+00:00,2026-03-19 14:54:35.415797+00:00
PHYS,NYQ,18218084352.00,,57,Higher risk,,,,,,,,,,,,2026-02-23 17:47:46.956469+00:00,2026-03-16 16:13:30.815174+00:00
PINS,NYQ,12305064960.00,,71,Quality (selective),,,,,,,,,,,,2026-02-23 17:47:48.306559+00:00,2026-03-16 16:13:31.989244+00:00
PIPR,NYQ,5150327808.00,,80,High-quality compounder,,293.4800,220.2427,53.69,28.80,2026-04-17,,0.4500,2026-05-01,3.5900,,2026-02-23 17:47:51.084221+00:00,2026-03-19 14:54:39.263731+00:00
PJT,NYQ,5222154752.00,,78,Higher risk,,130.0000,552.3631,45.30,33.00,2026-04-17,,,2026-05-05,,,2026-02-23 17:47:50.473154+00:00,2026-03-19 14:54:39.119128+00:00
PKG,NYQ,19280285696.00,,75,Quality (selective),,204.4150,203.8997,51.99,57.00,2026-04-17,2,0.3673,2026-04-28,2.0800,,2026-02-23 17:47:46.876143+00:00,2026-03-19 14:54:42.764157+00:00
PKX,NYQ,17410580480.00,,28,Higher risk,,,,,,,,,,,,2026-02-23 17:47:46.850634+00:00,2026-03-16 16:13:30.888638+00:00
PL,NYQ,8221974528.00,,35,Higher risk,,,,,,,,,,,,2026-02-23 17:47:49.246500+00:00,2026-03-16 16:13:33.435676+00:00
PLD,NYQ,124565553152.00,,65,Quality (selective),,,,,,,,,,,,2026-02-23 17:47:44.032901+00:00,2026-03-16 16:13:26.770611+00:00
PLNT,NYQ,6219958272.00,,93,High-quality compounder,,75.2600,48.2677,42.71,29.00,2026-04-17,,0.3896,2026-05-07,2.6900,,2026-02-23 17:47:49.552819+00:00,2026-03-19 14:54:43.130386+00:00
PLTR,NMS,364383731712.00,,83,Higher risk,,151.8700,16.4028,63.42,62.00,2026-04-17,599,0.5043,2026-05-04,3.6400,,2026-02-23 17:47:43.609769+00:00,2026-03-19 14:54:47.756924+00:00
PLXS,NMS,5280549888.00,,77,Quality (selective),,199.0100,322.5485,73.29,48.00,2026-04-17,,0.4608,2026-04-22,2.8900,,2026-02-23 17:47:50.908971+00:00,2026-03-19 14:54:46.132387+00:00
PM,NYQ,273119428608.00,,91,High-quality compounder,,162.6400,265.4539,56.60,49.00,2026-04-17,,,2026-04-22,,,2026-02-23 17:47:43.659274+00:00,2026-03-19 14:54:51.117228+00:00
PNC,NYQ,81889730560.00,,79,Quality (selective),,198.6250,104.5654,53.95,49.00,2026-04-17,5,0.4021,2026-04-15,2.6100,,2026-02-23 17:47:44.454375+00:00,2026-03-19 14:54:50.630860+00:00
PNFP,NYQ,12767285248.00,,72,Quality (selective),,,,,,,,,,,,2026-02-23 17:47:47.677713+00:00,2026-03-16 16:13:31.886912+00:00
PNR,NYQ,14549400576.00,,97,High-quality compounder,,87.2700,87.5118,45.43,39.60,2026-04-17,,0.4237,2026-04-28,2.3300,,2026-02-23 17:47:47.319598+00:00,2026-03-19 14:54:55.646179+00:00
PNW,NYQ,12474414080.00,,33,Higher risk,,,,,,,,,,,,2026-02-23 17:47:48.173295+00:00,2026-03-16 16:13:31.943082+00:00
PODD,NMS,15929171968.00,,89,High-quality compounder,,228.0400,24.4271,43.83,17.80,2026-04-17,1,0.4501,2026-05-07,2.0700,,2026-02-23 17:47:47.167587+00:00,2026-03-19 14:54:53.929708+00:00
PONY,NMS,5844405248.00,,46,Higher risk,,,,,,,,,,,,2026-02-23 17:47:50.457783+00:00,2026-02-23 17:48:26.746054+00:00
POOL,NMS,7777692160.00,,85,High-quality compounder,,203.4450,145.1977,32.85,17.80,2026-04-17,2,0.3683,2026-04-23,2.3600,,2026-02-23 17:47:49.310901+00:00,2026-03-19 14:54:57.089899+00:00
POR,NYQ,6221881856.00,,48,Higher risk,,,,,,,,,,,,2026-02-23 17:47:50.385259+00:00,2026-03-16 16:13:34.715265+00:00
POST,NYQ,5105433088.00,,66,Quality (selective),,,,,,,,,,,,2026-02-23 17:47:50.668730+00:00,2026-03-16 16:13:35.802341+00:00
POWL,NMS,6222676992.00,,79,Quality (selective),,513.0300,467.7332,75.40,54.00,2026-04-17,1,0.7202,2026-05-05,5.2400,,2026-02-23 17:47:50.078172+00:00,2026-03-19 14:55:01.666365+00:00
PPC,NMS,8748873728.00,,81,High-quality compounder,,36.2500,202.3909,43.75,57.00,2026-04-17,3,0.3381,2026-04-29,2.1400,,2026-02-23 17:47:48.743914+00:00,2026-03-19 14:55:00.131654+00:00
PPG,NYQ,23078117376.00,,73,Quality (selective),,,,,,,,,,,,2026-02-23 17:47:46.079397+00:00,2026-03-16 16:13:30.048935+00:00
PPL,NYQ,29098113024.00,,38,Higher risk,,,,,,,,,,,,2026-02-23 17:47:46.164334+00:00,2026-03-16 16:13:29.482829+00:00
PR,NYQ,16496097280.00,,63,Higher risk,,,,,,,,,,,,2026-02-23 17:47:47.931419+00:00,2026-03-16 16:13:31.057102+00:00
PRAX,NMS,8409280512.00,,36,Higher risk,,,,,,,,,,,,2026-02-23 17:47:48.853190+00:00,2026-03-16 16:13:33.384819+00:00
PRI,NYQ,7977662976.00,,82,High-quality compounder,,247.0800,536.5503,48.75,62.00,2026-04-17,,0.3535,2026-05-06,2.1000,,2026-02-23 17:47:49.212553+00:00,2026-03-19 14:55:04.594988+00:00
PRIM,NYQ,7530611200.00,,84,High-quality compounder,,139.1900,303.0826,70.01,49.00,2026-04-17,7,0.5795,2026-05-04,3.8100,,2026-02-23 17:47:49.013470+00:00,2026-03-19 14:55:05.627153+00:00
PRMB,NYQ,7457050624.00,,46,Higher risk,,,,,,,,,,,,2026-02-23 17:47:49.863339+00:00,2026-03-16 16:13:33.897341+00:00
PRU,NYQ,32531040256.00,,58,Higher risk,,,,,,,,,,,,2026-02-23 17:47:45.773724+00:00,2026-03-16 16:13:29.223742+00:00
PSA,NYQ,49696407552.00,,77,Quality (selective),,276.2400,408.3479,46.63,92.95,2026-04-17,1,0.2874,2026-04-29,2.0600,,2026-02-23 17:47:45.075984+00:00,2026-03-19 14:55:08.607130+00:00
PSA-PH,NYQ,36259209216.00,,77,Quality (selective),,22.4300,408.3479,17.56,39.60,,,,2026-05-05,,,2026-02-23 17:47:45.609929+00:00,2026-03-17 09:34:19.506260+00:00
PSA-PK,NYQ,31092508672.00,,77,Quality (selective),,18.6100,408.3479,23.02,50.60,,,,2026-05-05,,,2026-02-23 17:47:45.864972+00:00,2026-03-17 09:34:23.210143+00:00
PSKY,NMS,10667155456.00,,28,Higher risk,,,,,,,,,,,,2026-02-23 17:47:48.268716+00:00,2026-03-16 16:13:32.508665+00:00
PSLV,NYQ,16700066816.00,,61,Higher risk,,,,,,,,,,,,2026-03-16 16:13:31.028003+00:00,2026-03-16 16:13:31.028003+00:00
PSN,NYQ,5673107456.00,,78,Quality (selective),,50.0300,140.5865,38.49,44.60,2026-04-17,,,2026-04-29,,,2026-02-23 17:47:49.938306+00:00,2026-03-19 14:55:12.123934+00:00
PSNYW,NGM,25323786240.00,,16,Higher risk,,,,,,,,,,,,2026-02-23 17:47:47.057020+00:00,2026-03-16 16:13:29.752027+00:00
PSO,NYQ,8271081472.00,,85,High-quality compounder,,13.1600,72.5736,46.40,62.00,2026-04-17,,0.8082,2026-08-03,7.6000,,2026-02-23 17:47:49.376899+00:00,2026-03-19 14:55:11.615722+00:00
PSTG,NYQ,20637378560.00,,75,Higher risk,,64.8000,61.0697,52.49,33.60,2026-04-17,7,0.5698,2026-05-27,3.3300,,2026-02-23 17:47:46.612416+00:00,2026-03-19 14:55:15.603805+00:00
PSX,NYQ,69737480192.00,,53,Higher risk,,,,,,,,,,,,2026-02-23 17:47:44.928128+00:00,2026-03-16 16:13:27.656677+00:00
PTC,NMS,18721658880.00,,100,High-quality compounder,,149.8700,179.2121,41.62,68.00,2026-04-17,302,0.3440,2026-04-29,2.2200,,2026-02-23 17:47:47.101600+00:00,2026-03-19 14:55:18.097030+00:00
PTCT,NMS,5490447872.00,,44,Higher risk,,,,,,,,,,,,2026-02-23 17:47:50.663776+00:00,2026-03-16 16:13:35.425124+00:00
PTGX,NGM,6105218048.00,,47,Higher risk,,,,,,,,,,,,2026-02-23 17:48:27.125337+00:00,2026-03-16 16:13:34.888989+00:00
PUK,NYQ,36997472256.00,,72,Higher risk,,,,,,,,,,,,2026-02-23 17:47:45.605645+00:00,2026-03-16 16:13:28.939905+00:00
PWR,NYQ,85387804672.00,,85,High-quality compounder,,570.6700,417.4899,76.58,97.00,2026-04-17,14,0.4638,2026-05-07,3.3400,,2026-02-23 17:47:44.561846+00:00,2026-03-19 14:55:17.703704+00:00
PYPL,NMS,42787364864.00,,95,High-quality compounder,,44.1750,84.8197,32.18,62.00,2026-04-17,47,0.4168,2026-05-05,3.0100,,2026-02-23 17:47:45.469617+00:00,2026-03-19 14:55:20.252750+00:00
Q,NYQ,23195613184.00,,75,Quality (selective),,111.0100,152.1956,,94.00,,,,2026-06-03,,,2026-02-23 17:47:46.581850+00:00,2026-03-19 14:55:21.389524+00:00
QBTS,NYQ,6392071680.00,,29,Higher risk,,,,,,,,,,,,2026-02-23 17:47:50.032958+00:00,2026-03-16 16:13:34.545618+00:00
QCOM,NMS,138856546304.00,,100,High-quality compounder,,131.2600,210.2732,41.51,16.00,2026-04-17,12,0.3749,2026-04-29,2.2400,,2026-02-23 17:47:43.966416+00:00,2026-03-19 14:55:24.141008+00:00
QGEN,NYQ,8475862528.00,,84,High-quality compounder,,40.3900,100.8445,40.64,39.60,2026-04-17,,,2026-05-06,,,2026-02-23 17:47:48.695947+00:00,2026-03-19 14:55:27.079829+00:00
QRVO,NMS,7362221568.00,,64,Higher risk,,,,,,,,,,,,2026-02-23 17:47:49.565616+00:00,2026-03-16 16:13:33.941911+00:00
QSR,NYQ,33970741248.00,,74,Quality (selective),,,,,,,,,,,,2026-02-23 17:47:45.950195+00:00,2026-03-16 16:13:29.053532+00:00
QXO,NYQ,14840816640.00,,72,Higher risk,,,,,,,,,,,,2026-02-23 17:47:47.159842+00:00,2026-03-16 16:13:31.396683+00:00
R,NYQ,7508122112.00,,48,Higher risk,,,,,,,,,,,,2026-02-23 17:47:49.080742+00:00,2026-03-16 16:13:33.864331+00:00
RACE,NYQ,58675236864.00,,100,High-quality compounder,,319.0000,659.5953,40.40,48.20,2026-04-17,2,0.3935,2026-05-05,2.9000,,2026-02-23 17:47:44.907875+00:00,2026-03-19 14:55:28.227483+00:00
RBA,NYQ,18579073024.00,,80,Higher risk,,96.0900,425.2890,51.94,56.00,2026-04-17,1,0.3797,2026-05-06,2.7000,,2026-02-23 17:47:46.970285+00:00,2026-03-19 14:55:34.475010+00:00
RBC,NYQ,17286244352.00,,84,High-quality compounder,,542.0700,339.6705,74.44,97.00,2026-04-17,,,2026-05-15,,,2026-02-23 17:47:47.131786+00:00,2026-03-19 14:55:31.154256+00:00
RBLX,NYQ,41374261248.00,,55,Higher risk,,,,,,,,,,,,2026-02-23 17:47:45.396047+00:00,2026-03-16 16:13:28.706043+00:00
RBRK,NYQ,10429376512.00,,29,Higher risk,,,,,,,,,,,,2026-02-23 17:47:48.858570+00:00,2026-03-16 16:13:32.555834+00:00
RCI,NYQ,20982349824.00,,69,Quality (selective),,,,,,,,,,,,2026-02-23 17:47:46.780568+00:00,2026-03-16 16:13:30.283355+00:00
RCL,NYQ,76561432576.00,,47,Higher risk,,,,,,,,,,,,2026-02-23 17:47:44.539858+00:00,2026-03-16 16:13:27.469477+00:00
RDDT,NYQ,26173810688.00,,46,Higher risk,,,,,,,,,,,,2026-02-23 17:47:46.144751+00:00,2026-03-16 16:13:29.684470+00:00
RDNT,NGM,5287575552.00,,42,Higher risk,,,,,,,,,,,,2026-02-23 17:47:50.884474+00:00,2026-02-23 17:48:27.111110+00:00
RDY,NYQ,11643642880.00,,94,High-quality compounder,,14.0600,32.2342,50.62,68.43,2026-04-17,,1.2513,2026-05-08,9.0000,,2026-02-23 17:47:48.105631+00:00,2026-03-19 14:55:33.094802+00:00
REG,NMS,14521272320.00,,55,Higher risk,,,,,,,,,,,,2026-02-23 17:47:47.632697+00:00,2026-03-16 16:13:31.436869+00:00
REGN,NMS,79752912896.00,,93,High-quality compounder,,737.3600,2289.1591,50.66,48.00,2026-04-17,,0.4032,2026-05-05,3.0800,,2026-02-23 17:47:44.535897+00:00,2026-03-19 14:55:35.831816+00:00
RELX,NYQ,61553668096.00,,98,High-quality compounder,,33.9400,65.8377,34.05,56.00,2026-04-17,,,2026-07-23,,,2026-02-23 17:47:45.023855+00:00,2026-03-19 14:55:38.618170+00:00
REXR,NYQ,8355971584.00,,67,Higher risk,,,,,,,,,,,,2026-02-23 17:47:49.004705+00:00,2026-03-16 16:13:33.422409+00:00
REYN,NMS,5161830912.00,,82,High-quality compounder,,20.9500,66.0381,37.57,49.00,2026-04-17,,,2026-04-29,,,2026-02-23 17:47:51.008904+00:00,2026-03-19 14:55:40.107338+00:00
REZI,NYQ,5166601216.00,,48,Higher risk,,,,,,,,,,,,2026-02-23 17:47:50.980051+00:00,2026-03-16 16:13:35.723846+00:00
RF,NYQ,22290200576.00,,76,Quality (selective),,24.8550,33.8368,52.26,49.00,2026-04-17,3,0.4022,2026-04-17,2.8100,,2026-02-23 17:47:46.358246+00:00,2026-03-19 14:55:46.210926+00:00
RF-PC,NYQ,13863793664.00,,76,Quality (selective),,24.0500,33.8368,35.95,51.00,,,,2026-04-17,,,2026-02-23 17:47:47.682065+00:00,2026-03-17 09:34:41.339463+00:00
RGA,NYQ,13282737152.00,,76,Quality (selective),,199.4900,2962.9962,52.80,57.00,2026-04-17,,,2026-05-07,,,2026-02-23 17:47:47.652998+00:00,2026-03-19 14:55:43.650717+00:00
RGEN,NMS,6476387840.00,,63,Higher risk,,,,,,,,,,,,2026-02-23 17:47:49.605517+00:00,2026-03-16 16:13:34.514383+00:00
RGLD,NMS,21015517184.00,,92,High-quality compounder,,225.7650,358.7098,58.44,60.00,2026-04-17,1,0.5581,2026-05-06,3.3800,,2026-02-23 17:47:46.450895+00:00,2026-03-19 14:55:45.695262+00:00
RHP,NYQ,5771037696.00,,71,Quality (selective),,,,,,,,,,,,2026-02-23 17:47:50.165395+00:00,2026-03-16 16:13:35.096934+00:00
RIG,NYQ,6870747648.00,,34,Higher risk,,,,,,,,,,,,2026-02-23 17:47:49.763482+00:00,2026-03-16 16:13:34.250138+00:00
RIO,NYQ,145747738624.00,,90,High-quality compounder,,84.4250,132.8393,60.73,54.00,2026-04-17,6,0.4031,2026-07-29,2.3800,,2026-02-23 17:47:43.831171+00:00,2026-03-19 14:55:50.273891+00:00
RITM,NYQ,5253019136.00,,57,Higher risk,,,,,,,,,,,,2026-02-23 17:47:50.617278+00:00,2026-03-16 16:13:35.660579+00:00
RIVN,NMS,19048945664.00,,30,Higher risk,,,,,,,,,,,,2026-02-23 17:47:47.022178+00:00,2026-03-16 16:13:30.658852+00:00
RJF,NYQ,28723974144.00,,76,Quality (selective),,141.8800,154.8692,48.93,42.80,2026-04-17,3,0.3748,2026-04-22,2.1900,,2026-02-23 17:47:45.978987+00:00,2026-03-19 14:55:49.728342+00:00
RKT,NYQ,42128039936.00,,59,Higher risk,,,,,,,,,,,,2026-02-23 17:47:45.259900+00:00,2026-03-16 16:13:28.614873+00:00
RL,NYQ,20516552704.00,,88,High-quality compounder,,337.8550,313.5273,67.51,57.00,2026-04-17,9,0.3996,2026-05-21,2.3400,,2026-02-23 17:47:46.689609+00:00,2026-03-19 14:55:56.000835+00:00
RLI,NYQ,5701348864.00,,100,High-quality compounder,,58.6500,251.3012,41.23,56.00,2026-04-17,,1.0230,2026-04-22,4.8000,,2026-02-23 17:47:50.680040+00:00,2026-03-19 14:55:52.630523+00:00
RMBS,NMS,10324196352.00,,87,High-quality compounder,,91.9200,71.3717,59.02,47.60,2026-04-17,1,0.7111,2026-04-27,5.9400,,2026-02-23 17:47:48.528579+00:00,2026-03-19 14:55:56.361147+00:00
RMD,NYQ,33591951360.00,,100,High-quality compounder,,227.4600,503.0374,47.07,60.00,2026-04-17,1,0.3418,2026-04-22,2.3900,,2026-02-23 17:47:45.620204+00:00,2026-03-19 14:55:58.279459+00:00
RNA,NGM,11260736512.00,,26,Higher risk,,,,,,,,,,,,2026-02-23 17:47:48.321282+00:00,2026-02-23 17:48:24.701246+00:00
RNR,NYQ,12890101760.00,,98,High-quality compounder,,292.3300,8588.5862,65.97,54.00,2026-04-17,,,2026-04-22,,,2026-02-23 17:47:47.957234+00:00,2026-03-19 14:56:02.186548+00:00
RNR-PF,NYQ,6835991040.00,,98,High-quality compounder,,21.6700,8588.5862,23.93,34.80,,,,2026-05-05,,,2026-02-23 17:47:49.740654+00:00,2026-03-17 09:34:48.520055+00:00
ROAD,NMS,6469597696.00,,64,Higher risk,,,,,,,,,,,,2026-02-23 17:47:49.637897+00:00,2026-03-16 16:13:34.508072+00:00
ROIV,NMS,20494102528.00,,55,Higher risk,,,,,,,,,,,,2026-02-23 17:47:46.921256+00:00,2026-03-16 16:13:30.392133+00:00
ROK,NYQ,40828424192.00,,85,High-quality compounder,,355.2300,142.7074,54.88,42.00,2026-04-17,1,0.3710,2026-05-06,2.2500,,2026-02-23 17:47:45.381015+00:00,2026-03-19 14:56:04.197187+00:00
ROKU,NMS,14121369600.00,,49,Higher risk,,,,,,,,,,,,2026-02-23 17:47:48.033585+00:00,2026-03-16 16:13:31.542024+00:00
ROL,NYQ,26445639680.00,,89,High-quality compounder,,54.2000,56.2568,51.75,28.80,2026-04-17,,,2026-04-22,,,2026-02-23 17:47:46.005211+00:00,2026-03-19 14:56:04.868765+00:00
ROP,NMS,37816795136.00,,85,High-quality compounder,,357.2800,966.1414,28.38,68.00,2026-04-17,4,0.3922,2026-04-27,2.5600,,2026-02-23 17:47:45.707048+00:00,2026-03-19 14:56:08.089663+00:00
ROST,NMS,68027580416.00,,82,High-quality compounder,,208.9400,116.2846,75.20,82.00,2026-04-17,,,2026-05-14,,,2026-02-23 17:47:44.887173+00:00,2026-03-19 14:56:11.260472+00:00
RPM,NYQ,12838540288.00,,80,High-quality compounder,,95.4700,100.2465,42.20,45.00,2026-04-17,,,2026-04-08,,,2026-02-23 17:47:47.607068+00:00,2026-03-19 14:56:10.724610+00:00
RPRX,NMS,26774562816.00,,79,Higher risk,,45.6800,128.3117,70.50,97.00,2026-04-17,1,0.8329,2026-05-14,6.1200,,2026-02-23 17:47:46.207559+00:00,2026-03-19 14:56:14.802627+00:00
RRC,NYQ,10415270912.00,,82,High-quality compounder,,45.9500,35.4598,63.30,88.00,2026-04-17,,0.4184,2026-04-28,2.7800,,2026-02-23 17:47:48.909495+00:00,2026-03-19 14:56:15.524811+00:00
RRR,NMS,5980412416.00,,78,Quality (selective),,59.0200,22.1045,55.58,57.00,2026-04-17,,,2026-05-07,,,2026-02-23 17:47:50.269699+00:00,2026-03-19 14:56:20.644361+00:00
RRX,NYQ,12535504896.00,,65,Higher risk,,,,,,,,,,,,2026-02-23 17:47:47.648034+00:00,2026-03-16 16:13:31.935542+00:00
RS,NYQ,15603736576.00,,73,Quality (selective),,,,,,,,,,,,2026-02-23 17:47:47.261329+00:00,2026-03-16 16:13:31.223143+00:00
RSG,NYQ,69360812032.00,,88,High-quality compounder,,223.8500,206.3723,56.25,84.48,2026-04-17,,,2026-04-23,,,2026-02-23 17:47:44.793741+00:00,2026-03-19 14:56:18.571603+00:00
RTO,NYQ,16511041536.00,,62,Higher risk,,,,,,,,,,,,2026-02-23 17:47:47.414211+00:00,2026-03-16 16:13:31.050262+00:00
RTX,NYQ,278159032320.00,,66,Quality (selective),,,,,,,,,,,,2026-02-23 17:47:43.682788+00:00,2026-03-16 16:13:26.213331+00:00
RUSHA,NMS,5786473984.00,,46,Higher risk,,,,,,,,,,,,2026-02-23 17:47:50.520773+00:00,2026-02-23 17:48:26.793076+00:00
RUSHB,NMS,5010291712.00,,46,Higher risk,,,,,,,,,,,,2026-02-23 17:47:51.154725+00:00,2026-02-23 17:48:27.386302+00:00
RVMD,NMS,19620155392.00,,26,Higher risk,,,,,,,,,,,,2026-02-23 17:47:46.937315+00:00,2026-03-16 16:13:30.500958+00:00
RVTY,NYQ,9708921856.00,,63,Higher risk,,,,,,,,,,,,2026-02-23 17:47:48.326282+00:00,2026-03-16 16:13:32.821602+00:00
RY,NYQ,229904826368.00,,59,Higher risk,,,,,,,,,,,,2026-02-23 17:47:43.727221+00:00,2026-03-16 16:13:26.311459+00:00
RYAAY,NMS,32332552192.00,,70,Quality (selective),,,,,,,,,,,,2026-02-23 17:47:45.812401+00:00,2026-03-16 16:13:29.249688+00:00
RYAN,NYQ,9670493184.00,,75,Higher risk,,34.9700,113.6548,33.09,33.00,2026-04-17,,,2026-05-07,,,2026-02-23 17:47:48.457441+00:00,2026-03-19 14:56:22.083515+00:00
RYN,NYQ,6194173440.00,,74,Quality (selective),,,,,,,,,,,,2026-02-23 17:47:50.012368+00:00,2026-03-16 16:13:34.806298+00:00
RYTM,NGM,6120388096.00,,42,Higher risk,,,,,,,,,,,,2026-02-23 17:47:50.153509+00:00,2026-03-16 16:13:34.896641+00:00
RZB,NYQ,8787475456.00,,98,High-quality compounder,,36.1600,3541.4676,29.10,49.00,,,,2026-04-30,,,2026-02-23 17:47:49.017832+00:00,2026-03-17 09:34:58.045669+00:00
SAIA,NMS,8623856640.00,,66,Quality (selective),,,,,,,,,,,,2026-02-23 17:47:48.484045+00:00,2026-03-16 16:13:33.285984+00:00
SAIL,NMS,8699582464.00,,7,Higher risk,,,,,,,,,,,,2026-02-23 17:47:49.633896+00:00,2026-03-16 16:13:33.253642+00:00
SAN,NYQ,159033016320.00,,47,Higher risk,,,,,,,,,,,,2026-02-23 17:47:43.846659+00:00,2026-03-16 16:13:26.503556+00:00
SANM,NMS,6576339456.00,,84,High-quality compounder,,127.2600,293.1804,60.32,37.20,2026-04-17,1,0.6302,2026-04-27,4.2100,,2026-02-23 17:47:49.295770+00:00,2026-03-19 14:56:25.694621+00:00
SAP,NYQ,224045744128.00,,87,High-quality compounder,,184.5600,157.2451,36.76,42.80,2026-04-17,10,0.3782,2026-04-28,2.1700,,2026-02-23 17:47:43.744146+00:00,2026-03-19 14:56:25.073549+00:00
SARO,NYQ,8861924352.00,,20,Higher risk,,,,,,,,,,,,2026-02-23 17:47:48.509818+00:00,2026-03-16 16:13:33.158923+00:00
SATS,NMS,32668971008.00,,30,Higher risk,,,,,,,,,,,,2026-02-23 17:47:45.934993+00:00,2026-03-16 16:13:29.191715+00:00
SBAC,NMS,19845519360.00,,85,High-quality compounder,,182.8000,431.8875,40.13,78.76,2026-04-17,,,2026-04-27,,,2026-02-23 17:47:46.739702+00:00,2026-03-19 14:56:31.152689+00:00
SBRA,NMS,5282452992.00,,66,Quality (selective),,,,,,,,,,,,2026-02-23 17:47:51.043035+00:00,2026-03-16 16:13:35.603789+00:00
SBS,NYQ,19375073280.00,,88,High-quality compounder,,28.4100,151.1516,70.15,54.00,2026-04-17,,,2026-05-07,,,2026-02-23 17:47:46.811973+00:00,2026-03-19 14:56:28.065300+00:00
SBSW,NYQ,9477452800.00,,45,Higher risk,,,,,,,,,,,,2026-02-23 17:47:48.263580+00:00,2026-03-16 16:13:32.897741+00:00
SBUX,NMS,112807788544.00,,69,Quality (selective),,,,,,,,,,,,2026-02-23 17:47:44.212977+00:00,2026-03-16 16:13:26.916261+00:00
SCCO,NYQ,143545401344.00,,99,High-quality compounder,,156.7050,90.2221,60.14,60.00,2026-04-17,24,0.6222,2026-04-24,5.1000,,2026-02-23 17:47:43.900361+00:00,2026-03-19 14:56:31.607102+00:00
SCHW,NYQ,167451246592.00,,82,High-quality compounder,,93.4950,44.9640,57.62,45.20,2026-04-17,12,0.3490,2026-04-16,2.2700,,2026-02-23 17:47:43.913512+00:00,2026-03-19 14:56:35.062113+00:00
SCHW-PD,NYQ,50319364096.00,,82,High-quality compounder,,24.8300,44.9640,28.32,50.00,,,,2026-04-20,,,2026-02-23 17:47:45.165524+00:00,2026-03-17 09:35:03.886717+00:00
SCI,NYQ,11150025728.00,,74,Quality (selective),,,,,,,,,,,,2026-02-23 17:47:48.366528+00:00,2026-03-16 16:13:32.325170+00:00
SE,NYQ,51485007872.00,,59,Higher risk,,,,,,,,,,,,2026-02-23 17:47:44.830666+00:00,2026-03-16 16:13:28.155488+00:00
SEE,NYQ,6168324096.00,,65,Quality (selective),,,,,,,,,,,,2026-02-23 17:47:50.278698+00:00,2026-03-16 16:13:34.824261+00:00
SEI,NYQ,5253819392.00,,42,Higher risk,,,,,,,,,,,,2026-03-16 16:13:35.652679+00:00,2026-03-16 16:13:35.652679+00:00
SEIC,NMS,9729647616.00,,84,High-quality compounder,,77.2800,88.7413,49.69,44.60,2026-04-17,,,2026-04-22,,,2026-02-23 17:47:48.778163+00:00,2026-03-19 14:56:37.111864+00:00
SF,NYQ,10921835520.00,,83,High-quality compounder,,69.8000,93.9263,52.44,22.80,2026-04-17,5,0.6161,2026-04-22,2.6900,,2026-02-23 17:47:48.312018+00:00,2026-03-19 14:56:39.052977+00:00
SFD,NMS,9320701952.00,,73,Higher risk,,,,,,,,,,,,2026-02-23 17:47:48.681376+00:00,2026-03-16 16:13:32.980672+00:00
SFM,NMS,7903477248.00,,80,High-quality compounder,,84.2100,94.1707,44.60,68.00,2026-04-17,11,0.4268,2026-04-29,2.6200,,2026-02-23 17:47:49.811936+00:00,2026-03-19 14:56:43.557264+00:00
SGHC,NYQ,5405265920.00,,73,Quality (selective),,,,,,,,,,,,2026-03-16 16:13:35.516700+00:00,2026-03-16 16:13:35.516700+00:00
SGI,NYQ,16334001152.00,,75,Quality (selective),,74.0400,49.0891,55.03,31.20,2026-04-17,3,0.4187,2026-05-14,2.6100,,2026-02-23 17:47:47.036247+00:00,2026-03-19 14:56:41.555577+00:00
SHEL,NYQ,256041648128.00,,70,Quality (selective),,,,,,,,,,,,2026-02-23 17:47:43.759979+00:00,2026-03-16 16:13:26.274304+00:00
SHG,NYQ,28714708992.00,,59,Higher risk,,,,,,,,,,,,2026-02-23 17:47:45.854348+00:00,2026-03-16 16:13:29.525668+00:00
SHOP,NMS,165823922176.00,,70,Quality (selective),,,,,,,,,,,,2026-02-23 17:47:43.958181+00:00,2026-03-16 16:13:26.492301+00:00
SHW,NYQ,80038682624.00,,82,High-quality compounder,,304.5800,236.8182,44.80,49.00,2026-04-17,,,2026-05-05,,,2026-02-23 17:47:44.417118+00:00,2026-03-19 14:56:44.108525+00:00
SIGI,NMS,5071949312.00,,89,High-quality compounder,,73.9900,1085.6871,38.76,49.00,2026-04-17,,0.3556,2026-04-22,3.4600,,2026-02-23 17:47:51.108098+00:00,2026-03-19 14:56:46.046064+00:00
SIRI,NMS,7523834880.00,,68,Quality (selective),,,,,,,,,,,,2026-02-23 17:47:49.816285+00:00,2026-03-16 16:13:33.833975+00:00
SITE,NYQ,5757831168.00,,67,Quality (selective),,,,,,,,,,,,2026-02-23 17:47:50.136980+00:00,2026-03-16 16:13:35.119033+00:00
SITM,NGM,9101085696.00,,36,Higher risk,,,,,,,,,,,,2026-02-23 17:47:48.518993+00:00,2026-03-16 16:13:33.086964+00:00
SJM,NYQ,11266920448.00,,45,Higher risk,,,,,,,,,,,,2026-02-23 17:47:48.227150+00:00,2026-03-16 16:13:32.303527+00:00
SKM,NYQ,11009840128.00,,64,Higher risk,,,,,,,,,,,,2026-02-23 17:47:48.232322+00:00,2026-03-16 16:13:32.382276+00:00
SKY,NYQ,5235597312.00,,87,High-quality compounder,,74.3650,156.8371,48.47,57.00,2026-04-17,,0.5151,2026-05-26,3.1100,,2026-02-23 17:47:50.928472+00:00,2026-03-19 14:56:48.025232+00:00
SLAB,NMS,6723832832.00,,31,Higher risk,,,,,,,,,,,,2026-02-23 17:47:50.004660+00:00,2026-03-16 16:13:34.351259+00:00
SLB,NYQ,67220746240.00,,84,High-quality compounder,,46.7482,69.5130,55.98,43.00,2026-04-17,15,0.4154,2026-04-24,2.8800,,2026-02-23 17:47:44.661938+00:00,2026-03-19 14:57:06.283880+00:00
SLF,NYQ,35434852352.00,,84,High-quality compounder,,62.5950,483.6028,56.65,84.95,2026-04-17,3,0.4260,2026-05-06,2.2100,,2026-02-23 17:47:45.711495+00:00,2026-03-19 14:56:50.102631+00:00
SLG-PI,NYQ,6208132096.00,,50,Higher risk,,,,,,,,,,,,2026-02-23 17:47:50.181071+00:00,2026-03-16 16:13:34.769584+00:00
SLGN,NYQ,5117484032.00,,71,Quality (selective),,,,,,,,,,,,2026-02-23 17:47:51.072963+00:00,2026-02-23 17:48:27.329514+00:00
SM,NYQ,6354655232.00,,60,Higher risk,,,,,,,,,,,,2026-02-23 17:47:50.722093+00:00,2026-03-16 16:13:34.636901+00:00
SMCI,NMS,18990239744.00,,52,Higher risk,,,,,,,,,,,,2026-02-23 17:47:47.008467+00:00,2026-03-16 16:13:30.605146+00:00
SMFG,NYQ,123926028288.00,,49,Higher risk,,,,,,,,,,,,2026-02-23 17:47:43.975486+00:00,2026-03-16 16:13:26.775833+00:00
SMMT,NGM,12436978688.00,,23,Higher risk,,,,,,,,,,,,2026-02-23 17:47:48.209153+00:00,2026-03-16 16:13:31.982945+00:00
SMTC,NMS,8134270976.00,,37,Higher risk,,,,,,,,,,,,2026-02-23 17:47:49.281246+00:00,2026-03-16 16:13:33.544892+00:00
SN,NYQ,14591800320.00,,73,Quality (selective),,,,,,,,,,,,2026-02-23 17:47:47.139018+00:00,2026-03-16 16:13:31.423799+00:00
SNA,NYQ,19147622400.00,,100,High-quality compounder,,359.1750,429.2590,59.48,82.35,2026-04-17,,,2026-04-16,,,2026-02-23 17:47:46.906468+00:00,2026-03-19 14:56:53.606094+00:00
SNAP,NYQ,7735399936.00,,58,Higher risk,,,,,,,,,,,,2026-02-23 17:47:49.134563+00:00,2026-03-16 16:13:33.698228+00:00
SNDK,NMS,105528795136.00,,18,Higher risk,,,,,,,,,,,,2026-02-23 17:47:44.275498+00:00,2026-03-16 16:13:27.002984+00:00
SNEX,NMS,5579473408.00,,53,Higher risk,,,,,,,,,,,,2026-02-23 17:47:50.131946+00:00,2026-03-16 16:13:35.297342+00:00
SNN,NYQ,14080487424.00,,73,Quality (selective),,,,,,,,,,,,2026-02-23 17:47:47.510437+00:00,2026-03-16 16:13:31.554555+00:00
SNOW,NYQ,60018458624.00,,62,Higher risk,,,,,,,,,,,,2026-02-23 17:47:45.082053+00:00,2026-03-16 16:13:27.919727+00:00
SNPS,NMS,81532633088.00,,80,High-quality compounder,,426.7900,369.8410,45.26,51.00,2026-04-17,105,0.4729,2026-05-20,3.5900,,2026-02-23 17:47:44.586221+00:00,2026-03-19 14:56:56.241722+00:00
SNX,NYQ,12527549440.00,,56,Higher risk,,,,,,,,,,,,2026-02-23 17:47:48.003099+00:00,2026-03-16 16:13:31.919584+00:00
SNY,NMS,105997811712.00,,77,Quality (selective),,44.6900,147.2425,41.97,42.00,2026-04-17,,,2026-04-23,,,2026-02-23 17:47:44.166539+00:00,2026-03-19 14:56:58.166704+00:00
SO,NYQ,110493548544.00,,47,Higher risk,,,,,,,,,,,,2026-02-23 17:47:44.228468+00:00,2026-03-16 16:13:26.954899+00:00
SOBO,NYQ,7031848960.00,,50,Higher risk,,,,,,,,,,,,2026-02-23 17:47:50.093664+00:00,2026-03-16 16:13:34.158776+00:00
SOFI,NMS,22694594560.00,,40,Higher risk,,,,,,,,,,,,2026-02-23 17:47:46.628001+00:00,2026-03-16 16:13:30.103930+00:00
SOLS,NMS,11675882496.00,,71,Quality (selective),,,,,,,,,,,,2026-02-23 17:47:48.089855+00:00,2026-03-16 16:13:32.168221+00:00
SOLV,NYQ,11686489088.00,,70,Quality (selective),,,,,,,,,,,,2026-02-23 17:47:48.027566+00:00,2026-03-16 16:13:32.162898+00:00
SON,NYQ,5273508864.00,,66,Quality (selective),,,,,,,,,,,,2026-02-23 17:47:50.674404+00:00,2026-03-16 16:13:35.645348+00:00
SONY,NYQ,128236142592.00,,68,Quality (selective),,,,,,,,,,,,2026-02-23 17:47:44.043874+00:00,2026-03-16 16:13:26.754822+00:00
SPG,NYQ,61718372352.00,,65,Quality (selective),,,,,,,,,,,,2026-02-23 17:47:44.666973+00:00,2026-03-16 16:13:27.875115+00:00
SPG-PJ,NYQ,46223429632.00,,65,Quality (selective),,,,,,,,,,,,2026-02-23 17:47:45.348158+00:00,2026-03-16 16:13:28.391980+00:00
SPGI,NYQ,129201733632.00,,95,Higher risk,,424.6708,241.5293,41.41,68.00,2026-04-17,7,0.3367,2026-05-05,2.3200,,2026-02-23 17:47:44.084747+00:00,2026-03-19 14:57:00.516062+00:00
SPOT,NYQ,107194605568.00,,75,Quality (selective),,495.5070,443.6566,50.55,68.00,2026-04-17,4,0.4680,2026-05-05,3.1100,,2026-02-23 17:47:44.309709+00:00,2026-03-19 14:57:02.859361+00:00
SPXC,NYQ,10055181312.00,,74,Quality (selective),,,,,,,,,,,,2026-02-23 17:47:48.250579+00:00,2026-03-16 16:13:32.709700+00:00
SQM,NYQ,21671342080.00,,58,Higher risk,,,,,,,,,,,,2026-02-23 17:47:46.816988+00:00,2026-03-16 16:13:30.217779+00:00
SR,NYQ,5454218752.00,,41,Higher risk,,,,,,,,,,,,2026-02-23 17:47:50.841959+00:00,2026-03-16 16:13:35.473623+00:00
SRAD,NMS,5445510144.00,,86,High-quality compounder,,19.1500,12.0766,48.19,68.00,2026-04-17,2,0.5917,2026-05-20,3.5700,,2026-02-23 17:47:51.066437+00:00,2026-03-19 14:57:05.131283+00:00
SRE,NYQ,62904733696.00,,32,Higher risk,,,,,,,,,,,,2026-02-23 17:47:44.946053+00:00,2026-03-16 16:13:27.851233+00:00
SSB,NYQ,9219268608.00,,66,Higher risk,,,,,,,,,,,,2026-02-23 17:47:48.597046+00:00,2026-03-16 16:13:33.047671+00:00
SSD,NYQ,7385141248.00,,75,Quality (selective),,171.5150,183.1317,51.32,57.00,2026-04-17,,,2026-04-27,,,2026-02-23 17:47:49.217507+00:00,2026-03-19 14:57:08.771665+00:00
SSL,NYQ,7452368896.00,,72,Quality (selective),,,,,,,,,,,,2026-02-23 17:47:50.653951+00:00,2026-03-16 16:13:33.909556+00:00
SSNC,NMS,17539469312.00,,88,High-quality compounder,,71.6550,94.5100,44.77,68.00,2026-04-17,,,2026-04-23,,,2026-02-23 17:47:47.202870+00:00,2026-03-19 14:57:09.826639+00:00
SSRM,NMS,5674836480.00,,44,Higher risk,,,,,,,,,,,,2026-02-23 17:47:50.235369+00:00,2026-03-16 16:13:35.215620+00:00
ST,NYQ,5031542272.00,,62,Higher risk,,,,,,,,,,,,2026-02-23 17:47:50.749177+00:00,2026-03-16 16:13:35.853866+00:00
STAG,NYQ,7499121664.00,,67,Quality (selective),,,,,,,,,,,,2026-02-23 17:47:49.500702+00:00,2026-03-16 16:13:33.870634+00:00
STE,NYQ,21471621120.00,,87,High-quality compounder,,216.7150,156.7841,45.35,28.80,2026-04-17,7,0.2952,2026-05-20,2.0000,,2026-02-23 17:47:46.443626+00:00,2026-03-19 14:57:11.521342+00:00
STEP,NMS,5653599232.00,,64,Higher risk,,,,,,,,,,,,2026-02-23 17:47:50.648904+00:00,2026-03-16 16:13:35.245353+00:00
STLA,NYQ,19021977600.00,,54,Higher risk,,,,,,,,,,,,2026-02-23 17:47:46.683315+00:00,2026-03-16 16:13:30.667052+00:00
STLD,NMS,25155237888.00,,69,Higher risk,,,,,,,,,,,,2026-02-23 17:47:46.067238+00:00,2026-03-16 16:13:29.771866+00:00
STM,NYQ,30578388992.00,,67,Higher risk,,,,,,,,,,,,2026-02-23 17:47:45.966856+00:00,2026-03-16 16:13:29.390752+00:00
STN,NYQ,10108616704.00,,75,Quality (selective),,88.4300,143.7433,49.46,33.20,2026-04-17,,0.6381,2026-05-13,3.0000,,2026-02-23 17:47:48.666141+00:00,2026-03-19 14:57:13.562026+00:00
STRL,NMS,12747004928.00,,98,High-quality compounder,,424.6850,392.4585,75.73,60.00,2026-04-17,5,0.6862,2026-05-04,4.9400,,2026-02-23 17:47:47.926599+00:00,2026-03-19 14:57:17.231899+00:00
STT,NYQ,33884790784.00,,28,Higher risk,,,,,,,,,,,,2026-02-23 17:47:45.767951+00:00,2026-03-16 16:13:29.069705+00:00
STT-PG,NYQ,17017609216.00,,28,Higher risk,,,,,,,,,,,,2026-02-23 17:47:47.116046+00:00,2026-03-16 16:13:30.967790+00:00
STWD,NYQ,6714009600.00,,52,Higher risk,,,,,,,,,,,,2026-02-23 17:47:49.953574+00:00,2026-03-16 16:13:34.365089+00:00
STX,NMS,89106112512.00,,71,Quality (selective),,,,,,,,,,,,2026-02-23 17:47:44.432235+00:00,2026-03-16 16:13:27.193218+00:00
STZ,NYQ,26493603840.00,,64,Higher risk,,,,,,,,,,,,2026-02-23 17:47:46.111281+00:00,2026-03-16 16:13:29.658645+00:00
SU,NYQ,71788052480.00,,91,High-quality compounder,,63.8900,129.3122,80.06,91.00,2026-04-17,,,2026-05-05,,,2026-02-23 17:47:44.815036+00:00,2026-03-19 14:57:16.201151+00:00
SUI,NYQ,17089747968.00,,69,Quality (selective),,,,,,,,,,,,2026-02-23 17:47:47.241953+00:00,2026-03-16 16:13:30.924451+00:00
SUN,NYQ,12154455040.00,,51,Higher risk,,,,,,,,,,,,2026-02-23 17:47:48.245402+00:00,2026-03-16 16:13:32.034080+00:00
SUNB,NYQ,59898408960.00,,61,Higher risk,,,,,,,,,,,,2026-03-16 16:13:27.926790+00:00,2026-03-16 16:13:27.926790+00:00
SUZ,NYQ,12453676032.00,,48,Higher risk,,,,,,,,,,,,2026-02-23 17:47:47.837912+00:00,2026-03-16 16:13:31.958629+00:00
SW,NYQ,20634626048.00,,60,Higher risk,,,,,,,,,,,,2026-02-23 17:47:46.489517+00:00,2026-03-16 16:13:30.361158+00:00
SWK,NYQ,11065711616.00,,55,Higher risk,,,,,,,,,,,,2026-02-23 17:47:47.855399+00:00,2026-03-16 16:13:32.377063+00:00
SWKS,NMS,8341224448.00,,95,High-quality compounder,,53.6850,120.5644,33.79,33.60,2026-04-17,5,0.4685,2026-05-06,2.6500,,2026-02-23 17:47:49.027205+00:00,2026-03-19 14:57:25.128161+00:00
SWX,NYQ,6362574336.00,,41,Higher risk,,,,,,,,,,,,2026-02-23 17:47:50.205277+00:00,2026-03-16 16:13:34.619672+00:00
SYF,NYQ,23243642880.00,,85,Higher risk,,65.3000,178.4101,53.41,28.80,2026-04-17,11,0.4479,2026-04-28,3.2800,,2026-02-23 17:47:46.396741+00:00,2026-03-19 14:57:19.697598+00:00
SYK,NYQ,132523180032.00,,96,High-quality compounder,,342.9400,358.7154,47.41,54.00,2026-04-17,,,2026-05-07,,,2026-02-23 17:47:43.984780+00:00,2026-03-19 14:57:22.116369+00:00
SYM,NGM,30619701248.00,,48,Higher risk,,,,,,,,,,,,2026-02-23 17:47:45.901382+00:00,2026-03-16 16:13:29.362187+00:00
SYY,NYQ,40709107712.00,,63,Higher risk,,,,,,,,,,,,2026-02-23 17:47:45.432729+00:00,2026-03-16 16:13:28.767531+00:00
T,NYQ,195987832832.00,,68,Quality (selective),,,,,,,,,,,,2026-02-23 17:47:43.795775+00:00,2026-03-16 16:13:26.352439+00:00
TAK,NYQ,57260371968.00,,55,Higher risk,,,,,,,,,,,,2026-02-23 17:47:44.961911+00:00,2026-03-16 16:13:27.989571+00:00
TAL,NYQ,6830656512.00,,40,Higher risk,,,,,,,,,,,,2026-02-23 17:47:50.176072+00:00,2026-03-16 16:13:34.293651+00:00
TAP,NYQ,8421286400.00,,46,Higher risk,,,,,,,,,,,,2026-02-23 17:47:48.767535+00:00,2026-03-16 16:13:33.397741+00:00
TAP-A,NYQ,9879395328.00,,46,Higher risk,,,,,,,,,,,,2026-02-23 17:47:48.604755+00:00,2026-03-16 16:13:32.503016+00:00
TCOM,NMS,34386079744.00,,79,Quality (selective),,51.2900,248.9150,44.84,33.00,2026-04-17,,,2026-05-18,,,2026-02-23 17:47:45.784073+00:00,2026-03-19 14:57:24.513770+00:00
TD,NYQ,159502860288.00,,46,Higher risk,,,,,,,,,,,,2026-02-23 17:47:43.874497+00:00,2026-03-16 16:13:26.406789+00:00
TDG,NYQ,70264971264.00,,94,High-quality compounder,,1187.2600,1441.9902,45.51,30.60,2026-04-17,3,0.3244,2026-05-05,2.1100,,2026-02-23 17:47:44.698006+00:00,2026-03-19 14:57:30.141662+00:00
TDS,NYQ,5135352832.00,,30,Higher risk,,,,,,,,,,,,2026-02-23 17:47:51.049314+00:00,2026-02-23 17:48:27.302392+00:00
TDY,NYQ,29861320704.00,,89,High-quality compounder,,626.7500,582.4641,62.38,54.00,2026-04-17,2,0.3375,2026-04-29,2.5400,,2026-02-23 17:47:45.926135+00:00,2026-03-19 14:57:28.150493+00:00
TEAM,NMS,19945646080.00,,44,Higher risk,,,,,,,,,,,,2026-02-23 17:47:46.994937+00:00,2026-03-16 16:13:30.436587+00:00
TECH,NMS,7703760384.00,,87,High-quality compounder,,51.3100,25.2782,40.67,34.80,2026-04-17,,,2026-05-06,,,2026-02-23 17:47:49.093217+00:00,2026-03-19 14:57:31.606286+00:00
TECK,NYQ,24309073920.00,,50,Higher risk,,,,,,,,,,,,2026-02-23 17:47:46.040360+00:00,2026-03-16 16:13:29.867405+00:00
TEL,NYQ,59571560448.00,,95,High-quality compounder,,196.6350,290.5903,55.17,33.60,2026-04-17,1,0.4622,2026-04-22,3.5500,,2026-02-23 17:47:44.810167+00:00,2026-03-19 14:57:33.015626+00:00
TEM,NMS,8951198720.00,,43,Higher risk,,,,,,,,,,,,2026-02-23 17:47:48.642115+00:00,2026-03-16 16:13:33.121780+00:00
TER,NMS,46445457408.00,,92,High-quality compounder,,295.0900,53.5277,75.99,60.00,2026-04-17,1,0.6803,2026-04-27,5.3000,,2026-02-23 17:47:45.199298+00:00,2026-03-19 14:57:37.694730+00:00
TERN,NMS,5076168704.00,,36,Higher risk,,,,,,,,,,,,2026-03-16 16:13:35.840028+00:00,2026-03-16 16:13:35.840028+00:00
TEVA,NYQ,33757054976.00,,40,Higher risk,,,,,,,,,,,,2026-02-23 17:47:45.584848+00:00,2026-03-16 16:13:29.084448+00:00
TEX,NYQ,6717395968.00,,65,Quality (selective),,,,,,,,,,,,2026-02-23 17:47:49.575993+00:00,2026-03-16 16:13:34.385863+00:00
TFC,NYQ,55631712256.00,,43,Higher risk,,,,,,,,,,,,2026-02-23 17:47:44.902877+00:00,2026-03-16 16:13:28.028102+00:00
TFII,NYQ,8501264896.00,,64,Higher risk,,,,,,,,,,,,2026-02-23 17:47:48.805766+00:00,2026-03-16 16:13:33.332863+00:00
TFPM,NYQ,7450398208.00,,63,Higher risk,,,,,,,,,,,,2026-02-23 17:48:25.598514+00:00,2026-03-16 16:13:33.889823+00:00
TGS,NYQ,5199640064.00,,100,High-quality compounder,,32.9900,292.7416,63.47,36.00,2026-04-17,,0.9510,2026-03-19,6.0000,,2026-02-23 17:47:51.149223+00:00,2026-03-19 14:57:35.800496+00:00
TGT,NYQ,53113626624.00,,58,Higher risk,,,,,,,,,,,,2026-02-23 17:47:45.138244+00:00,2026-03-16 16:13:28.118346+00:00
THC,NYQ,19686240256.00,,87,High-quality compounder,,203.0900,728.5723,59.92,91.00,2026-04-17,1,0.4263,2026-04-28,3.2300,,2026-02-23 17:47:46.834929+00:00,2026-03-19 14:57:39.560351+00:00
THG,NYQ,6159917568.00,,88,High-quality compounder,,169.8400,1510.4077,54.28,73.32,2026-04-17,,,2026-04-29,,,2026-02-23 17:47:50.305220+00:00,2026-03-19 14:57:43.209472+00:00
THO,NYQ,5699971072.00,,71,Quality (selective),,,,,,,,,,,,2026-02-23 17:47:50.577616+00:00,2026-02-23 17:48:26.842110+00:00
TIGO,NMS,12099276800.00,,72,Higher risk,,,,,,,,,,,,2026-02-23 17:47:48.353264+00:00,2026-03-16 16:13:32.041569+00:00
TIMB,NYQ,12129657856.00,,90,High-quality compounder,,25.1450,70.0470,62.79,60.00,2026-04-17,,,2026-05-04,,,2026-02-23 17:47:48.012958+00:00,2026-03-19 14:57:42.529073+00:00
TJX,NYQ,173952434176.00,,81,High-quality compounder,,153.1500,94.0105,67.98,87.55,2026-04-17,,,2026-05-20,,,2026-02-23 17:47:43.883420+00:00,2026-03-19 14:57:45.147253+00:00
TKC,NYQ,5389699072.00,,100,High-quality compounder,,6.1100,19.8343,51.12,49.00,2026-04-17,,,2026-05-08,,,2026-02-23 17:47:50.374703+00:00,2026-03-19 14:57:50.552097+00:00
TKO,NYQ,15588745216.00,,79,Higher risk,,199.3700,6720.7056,63.31,60.00,2026-04-17,4,0.3773,2026-05-07,2.4200,,2026-02-23 17:47:47.247936+00:00,2026-03-19 14:57:47.128228+00:00
TKR,NYQ,6853590528.00,,81,High-quality compounder,,96.1200,83.5093,59.57,48.00,2026-04-17,,0.5927,2026-04-29,2.2800,,2026-02-23 17:47:49.628686+00:00,2026-03-19 14:57:51.293696+00:00
TLK,NYQ,17628121088.00,,92,High-quality compounder,,18.2800,73.9917,44.44,42.00,,,,2026-03-20,,,2026-02-23 17:47:46.776144+00:00,2026-03-19 14:57:54.355435+00:00
TLN,NMS,14688203776.00,,31,Higher risk,,,,,,,,,,,,2026-02-23 17:47:47.274651+00:00,2026-03-16 16:13:31.416614+00:00
TM,NYQ,276907327488.00,,32,Higher risk,,,,,,,,,,,,2026-02-23 17:47:43.616097+00:00,2026-03-16 16:13:26.217332+00:00
TME,NYQ,25574598656.00,,97,High-quality compounder,,10.5550,33.9082,40.12,24.80,2026-04-17,,0.6550,2026-03-17,5.0000,,2026-02-23 17:47:46.375066+00:00,2026-03-19 14:57:53.844056+00:00
TMHC,NYQ,5759790080.00,,74,Quality (selective),,,,,,,,,,,,2026-02-23 17:47:50.159471+00:00,2026-03-16 16:13:35.128863+00:00
TMO,NYQ,174796341248.00,,76,Quality (selective),,461.9800,407.2218,43.07,27.00,2026-04-17,5,0.3553,2026-04-22,2.0800,,2026-02-23 17:47:43.837583+00:00,2026-03-19 14:58:02.602353+00:00
TMUS,NMS,237005963264.00,,72,Quality (selective),,,,,,,,,,,,2026-02-23 17:47:43.723003+00:00,2026-03-16 16:13:26.294724+00:00
TOL,NYQ,13360680960.00,,85,High-quality compounder,,134.4600,133.5018,54.30,57.00,2026-04-17,5,0.3876,2026-05-26,2.9600,,2026-02-23 17:47:47.581213+00:00,2026-03-19 14:57:57.607021+00:00
TOST,NYQ,16571514880.00,,62,Higher risk,,,,,,,,,,,,2026-02-23 17:47:47.585839+00:00,2026-03-16 16:13:31.044862+00:00
TPG,NMS,15423033344.00,,79,Higher risk,,40.6800,328.2286,41.85,33.00,2026-04-17,2,0.5717,2026-05-06,3.0700,,2026-02-23 17:47:47.383230+00:00,2026-03-19 14:57:59.583923+00:00
TPL,NYQ,35949916160.00,,97,High-quality compounder,,538.0750,352.1988,69.02,65.00,2026-04-17,31,0.5339,2026-05-06,3.7500,,2026-02-23 17:47:45.734984+00:00,2026-03-19 14:58:02.591325+00:00
TPR,NYQ,29370310656.00,,83,High-quality compounder,,140.3850,41.0571,72.53,48.00,2026-04-17,1,0.4678,2026-05-07,3.3300,,2026-02-23 17:47:45.944943+00:00,2026-03-19 14:58:08.589293+00:00
TRGP,NYQ,51738894336.00,,68,Quality (selective),,,,,,,,,,,,2026-02-23 17:47:45.228925+00:00,2026-03-16 16:13:28.133522+00:00
TRI,NMS,42034802688.00,,85,High-quality compounder,,93.7600,182.5661,27.57,56.00,2026-04-17,8,0.4425,2026-05-07,3.3600,,2026-02-23 17:47:45.728889+00:00,2026-03-19 14:58:04.596406+00:00
TRMB,NMS,15971633152.00,,75,Quality (selective),,65.9700,18.5091,47.02,56.00,2026-04-17,,,2026-05-06,,,2026-02-23 17:47:47.472586+00:00,2026-03-19 14:58:08.131459+00:00
TRNO,NYQ,6559319552.00,,85,Higher risk,,61.9800,76.9752,51.52,48.00,2026-04-17,,,2026-05-06,,,2026-02-23 17:47:49.975249+00:00,2026-03-19 14:58:12.476410+00:00
TROW,NMS,19119742976.00,,87,High-quality compounder,,86.7600,107.4454,38.16,28.80,2026-04-17,,,2026-05-01,,,2026-02-23 17:47:46.871531+00:00,2026-03-19 14:58:12.091317+00:00
TRP,NYQ,66269974528.00,,59,Higher risk,,,,,,,,,,,,2026-02-23 17:47:44.858898+00:00,2026-03-16 16:13:27.784526+00:00
TRU,NYQ,13904719872.00,,63,Higher risk,,,,,,,,,,,,2026-02-23 17:47:47.727686+00:00,2026-03-16 16:13:31.584909+00:00
TRV,NYQ,68467089408.00,,69,Quality (selective),,,,,,,,,,,,2026-02-23 17:47:44.804062+00:00,2026-03-16 16:13:27.721044+00:00
TS,NYQ,27007862784.00,,85,High-quality compounder,,55.9400,145.6518,74.14,94.00,2026-04-17,,,2026-04-29,,,2026-02-23 17:47:46.180989+00:00,2026-03-19 14:58:15.290992+00:00
TSCO,NMS,25546459136.00,,75,Quality (selective),,45.7350,34.8156,42.53,50.00,2026-04-17,,,2026-04-23,,,2026-02-23 17:47:46.101056+00:00,2026-03-19 14:58:17.911150+00:00
TSEM,NMS,15615055872.00,,66,Quality (selective),,,,,,,,,,,,2026-02-23 17:47:47.702297+00:00,2026-03-16 16:13:31.210841+00:00
TSLA,NMS,1493467922432.00,,82,High-quality compounder,,381.6950,17.8188,55.27,28.20,2026-04-17,232,0.4436,2026-04-28,3.1600,,2026-02-23 17:47:43.431787+00:00,2026-03-19 14:58:19.487215+00:00
TSM,NYQ,1770102194176.00,,100,High-quality compounder,,333.2000,188.0417,70.50,79.00,2026-04-17,224,0.4598,2026-04-16,3.3500,,2026-02-23 17:47:43.412641+00:00,2026-03-19 14:58:22.136207+00:00
TSN,NYQ,21649336320.00,,39,Higher risk,,,,,,,,,,,,2026-02-23 17:47:46.661384+00:00,2026-03-16 16:13:30.230081+00:00
TT,NYQ,93382057984.00,,100,High-quality compounder,,421.8950,318.3559,58.10,100.00,2026-04-17,1,0.3166,2026-04-29,2.2200,,2026-02-23 17:47:44.262422+00:00,2026-03-19 14:58:26.658092+00:00
TTAN,NMS,6458808320.00,,38,Higher risk,,,,,,,,,,,,2026-02-23 17:47:50.437951+00:00,2026-03-16 16:13:34.521669+00:00
TTC,NYQ,9320525824.00,,92,High-quality compounder,,93.1050,133.3540,55.79,94.00,2026-04-17,1,0.4067,2026-06-04,2.1100,,2026-02-23 17:47:48.711114+00:00,2026-03-19 14:58:24.113875+00:00
TTD,NGM,12984654848.00,,99,High-quality compounder,,23.4450,38.7764,33.74,29.00,2026-04-17,,,2026-05-14,,,2026-02-23 17:47:48.189774+00:00,2026-03-19 14:58:26.171830+00:00
TTE,NYQ,176969531392.00,,71,Quality (selective),,,,,,,,,,,,2026-02-23 17:47:43.904442+00:00,2026-03-16 16:13:26.401445+00:00
TTEK,NMS,8160669184.00,,82,High-quality compounder,,30.8600,74.6662,43.73,51.00,2026-04-17,,,2026-05-06,,,2026-02-23 17:47:49.022855+00:00,2026-03-19 14:58:29.571297+00:00
TTMI,NMS,9840530432.00,,46,Higher risk,,,,,,,,,,,,2026-02-23 17:47:48.362533+00:00,2026-03-16 16:13:32.782261+00:00
TTWO,NMS,38789627904.00,,17,Higher risk,,,,,,,,,,,,2026-02-23 17:47:45.701630+00:00,2026-03-16 16:13:28.839497+00:00
TU,NYQ,20745689088.00,,59,Higher risk,,,,,,,,,,,,2026-02-23 17:47:46.753074+00:00,2026-03-16 16:13:30.321978+00:00
TW,NMS,27041069056.00,,97,High-quality compounder,,125.6450,184.3923,55.64,88.00,2026-04-17,,,2026-04-29,,,2026-02-23 17:47:46.268247+00:00,2026-03-19 14:58:32.105266+00:00
TWLO,NYQ,19269988352.00,,71,Quality (selective),,,,,,,,,,,,2026-02-23 17:47:47.327182+00:00,2026-03-16 16:13:30.521855+00:00
TX,NYQ,7468525568.00,,53,Higher risk,,,,,,,,,,,,2026-02-23 17:47:49.102505+00:00,2026-03-16 16:13:33.875884+00:00
TXN,NMS,177253564416.00,,88,High-quality compounder,,186.2650,66.0125,50.12,49.00,2026-04-17,2,0.3639,2026-04-22,2.6400,,2026-02-23 17:47:43.805446+00:00,2026-03-19 14:58:33.410414+00:00
TXNM,NYQ,6399130112.00,,35,Higher risk,,,,,,,,,,,,2026-02-23 17:47:50.171536+00:00,2026-03-16 16:13:34.598960+00:00
TXRH,NMS,11301719040.00,,86,High-quality compounder,,168.3100,152.2335,51.60,49.00,2026-04-17,,,2026-05-14,,,2026-02-23 17:47:48.222935+00:00,2026-03-19 14:58:35.899190+00:00
TXT,NYQ,16040359936.00,,73,Quality (selective),,,,,,,,,,,,2026-02-23 17:47:47.188283+00:00,2026-03-16 16:13:31.123433+00:00
TYL,NYQ,15058409472.00,,92,High-quality compounder,,352.1500,526.4264,30.62,56.00,2026-04-17,1,0.4559,2026-04-22,3.3400,,2026-02-23 17:47:47.784665+00:00,2026-03-19 14:58:38.551205+00:00
U,NYQ,8495217152.00,,43,Higher risk,,,,,,,,,,,,2026-02-23 17:47:49.643510+00:00,2026-03-16 16:13:33.298908+00:00
UAL,NMS,29019873280.00,,64,Higher risk,,,,,,,,,,,,2026-02-23 17:47:45.756424+00:00,2026-03-16 16:13:29.474033+00:00
UBER,NYQ,155484045312.00,,67,Quality (selective),,,,,,,,,,,,2026-02-23 17:47:43.979779+00:00,2026-03-16 16:13:26.511059+00:00
UBS,NYQ,118487457792.00,,54,Higher risk,,,,,,,,,,,,2026-02-23 17:47:44.028908+00:00,2026-03-16 16:13:26.863926+00:00
UBSI,NMS,5519617536.00,,78,Quality (selective),,39.0750,76.3809,53.73,49.00,2026-04-17,,0.7421,2026-04-23,2.6400,,2026-02-23 17:47:50.422502+00:00,2026-03-19 14:58:38.105869+00:00
UDR,NYQ,13470778368.00,,68,Quality (selective),,,,,,,,,,,,2026-02-23 17:47:47.716828+00:00,2026-03-16 16:13:31.637350+00:00
UFPI,NMS,5110522368.00,,79,Quality (selective),,89.0150,70.8630,42.78,45.00,2026-04-17,,0.3993,2026-04-27,2.8200,,2026-02-23 17:47:50.251917+00:00,2026-03-19 14:58:43.139861+00:00
UGI,NYQ,7794250240.00,,49,Higher risk,,,,,,,,,,,,2026-02-23 17:47:49.253368+00:00,2026-03-16 16:13:33.670094+00:00
UGP,NYQ,5302660096.00,,64,Higher risk,,,,,,,,,,,,2026-02-23 17:47:50.632775+00:00,2026-03-16 16:13:35.580770+00:00
UHAL,NYQ,8655392768.00,,41,Higher risk,,,,,,,,,,,,2026-02-23 17:47:48.816300+00:00,2026-03-16 16:13:33.259674+00:00
UHAL-B,NYQ,8183706624.00,,41,Higher risk,,,,,,,,,,,,2026-02-23 17:47:48.985247+00:00,2026-03-16 16:13:33.477092+00:00
UHS,NYQ,11896012800.00,,68,Quality (selective),,,,,,,,,,,,2026-02-23 17:47:47.601951+00:00,2026-03-16 16:13:32.122080+00:00
UI,NYQ,46876983296.00,,89,High-quality compounder,,793.2300,165.7640,71.23,83.00,,,,2026-05-08,,35378,2026-02-23 17:47:45.376049+00:00,2026-03-19 14:58:40.865849+00:00
UL,NYQ,142662680576.00,,83,High-quality compounder,,61.9750,101.4133,45.73,49.00,2026-04-17,,,2026-07-28,,,2026-02-23 17:47:43.931343+00:00,2026-03-19 14:58:48.100899+00:00
ULS,NYQ,17030285312.00,,97,High-quality compounder,,83.2650,30.3553,66.29,95.56,2026-04-17,52,0.4412,2026-05-05,2.9700,,2026-02-23 17:47:47.403881+00:00,2026-03-19 14:58:45.622577+00:00
ULTA,NMS,23854682112.00,,94,High-quality compounder,,522.9300,591.4167,52.75,45.00,2026-04-17,6,0.3384,2026-05-21,2.4800,,2026-02-23 17:47:45.984096+00:00,2026-03-19 14:58:47.788220+00:00
UMBF,NMS,8526412288.00,,58,Higher risk,,,,,,,,,,,,2026-02-23 17:47:48.954862+00:00,2026-03-16 16:13:33.311994+00:00
UMC,NYQ,23972872192.00,,83,High-quality compounder,,9.1750,7.3149,57.55,51.00,2026-04-17,,,2026-04-22,,,2026-02-23 17:47:46.229582+00:00,2026-03-19 14:58:50.933808+00:00
UNH,NYQ,259740516352.00,,64,Higher risk,,,,,,,,,,,,2026-02-23 17:47:43.705750+00:00,2026-03-16 16:13:26.259842+00:00
UNM,NYQ,12178369536.00,,68,Quality (selective),,,,,,,,,,,,2026-02-23 17:47:48.167490+00:00,2026-03-16 16:13:32.027671+00:00
UNP,NYQ,144375103488.00,,85,High-quality compounder,,233.7500,171.6365,50.38,99.07,2026-04-17,,,2026-04-23,,,2026-02-23 17:47:43.935774+00:00,2026-03-19 14:58:52.671113+00:00
UPS,NYQ,82952986624.00,,72,Quality (selective),,,,,,,,,,,,2026-02-23 17:47:44.322338+00:00,2026-03-16 16:13:27.269394+00:00
URBN,NMS,5914701312.00,,71,Quality (selective),,,,,,,,,,,,2026-02-23 17:47:50.492343+00:00,2026-03-16 16:13:35.003199+00:00
URI,NYQ,47310286848.00,,75,Quality (selective),,710.9100,-97.6795,48.82,38.60,2026-04-17,1,0.4698,2026-04-22,3.4000,,2026-02-23 17:47:45.003727+00:00,2026-03-19 14:58:55.015467+00:00
USB,NYQ,80062103552.00,,64,Higher risk,,,,,,,,,,,,2026-02-23 17:47:44.493638+00:00,2026-03-16 16:13:27.356361+00:00
USB-PH,NYQ,77848846336.00,,64,Higher risk,,,,,,,,,,,,2026-02-23 17:47:44.623266+00:00,2026-03-16 16:13:27.405061+00:00
USB-PP,NYQ,71530438656.00,,64,Higher risk,,,,,,,,,,,,2026-02-23 17:47:44.701994+00:00,2026-03-16 16:13:27.613504+00:00
USFD,NYQ,20724074496.00,,65,Quality (selective),,,,,,,,,,,,2026-02-23 17:47:46.724925+00:00,2026-03-16 16:13:30.339476+00:00
UTHR,NMS,23274254336.00,,96,High-quality compounder,,530.2650,800.4530,75.81,60.00,2026-04-17,2,0.5656,2026-04-29,4.2900,,2026-02-23 17:47:46.747714+00:00,2026-03-19 14:58:58.115352+00:00
UWMC,NYQ,5936189952.00,,27,Higher risk,,,,,,,,,,,,2026-02-23 17:47:49.713923+00:00,2026-03-16 16:13:34.964326+00:00
V,NYQ,594607407104.00,,96,High-quality compounder,,299.3250,268.3225,45.90,42.20,2026-04-17,,,2026-05-05,,,2026-02-23 17:47:43.477079+00:00,2026-03-19 14:58:58.281593+00:00
VAL,NYQ,6352975872.00,,39,Higher risk,,,,,,,,,,,,2026-02-23 17:47:50.062488+00:00,2026-03-16 16:13:34.649070+00:00
VALE,NYQ,64181108736.00,,86,High-quality compounder,,14.4850,21.7490,57.76,57.00,2026-04-17,1179,0.4138,2026-04-23,3.1400,,2026-02-23 17:47:44.727016+00:00,2026-03-19 14:59:00.648985+00:00
VEEV,NYQ,30428725248.00,,93,High-quality compounder,,185.5750,249.8114,40.49,56.00,2026-04-17,3,0.4681,2026-06-03,2.8900,,2026-02-23 17:47:46.057198+00:00,2026-03-19 14:59:03.721012+00:00
VFC,NYQ,6336509440.00,,38,Higher risk,,,,,,,,,,,,2026-02-23 17:47:49.470257+00:00,2026-03-16 16:13:34.673487+00:00
VFS,NMS,7065328128.00,,30,Higher risk,,,,,,,,,,,,2026-02-23 17:47:49.559101+00:00,2026-03-16 16:13:34.129072+00:00
VG,NYQ,30208448512.00,,40,Higher risk,,,,,,,,,,,,2026-02-23 17:47:46.622954+00:00,2026-03-16 16:13:29.412289+00:00
VIAV,NMS,7260997632.00,,58,Higher risk,,,,,,,,,,,,2026-02-23 17:47:50.239428+00:00,2026-03-16 16:13:34.010194+00:00
VICI,NYQ,30776424448.00,,81,Higher risk,,28.0900,81.3981,42.42,82.76,2026-04-17,,,2026-04-29,,,2026-02-23 17:47:45.891315+00:00,2026-03-19 14:59:04.115413+00:00
VICR,NMS,8339584000.00,,81,High-quality compounder,,183.7600,16.8415,76.71,77.00,2026-04-17,1,0.8893,2026-05-05,6.9400,,2026-02-23 17:47:49.508246+00:00,2026-03-19 14:59:06.721231+00:00
VIK,NYQ,31432374272.00,,43,Higher risk,,,,,,,,,,,,2026-02-23 17:47:45.847739+00:00,2026-03-16 16:13:29.283291+00:00
VIPS,NYQ,7927439872.00,,78,Quality (selective),,15.4400,26.2730,48.61,39.60,2026-04-17,3,0.5816,2026-05-26,2.3200,,2026-02-23 17:47:49.129450+00:00,2026-03-19 14:59:10.618682+00:00
VIRT,NYQ,8457103872.00,,86,Higher risk,,39.5300,867.8928,58.15,97.00,2026-04-17,2,0.3770,2026-04-22,2.5700,,2026-02-23 17:47:49.146855+00:00,2026-03-19 14:59:09.526597+00:00
VIST,NYQ,6999986688.00,,68,Quality (selective),,,,,,,,,,,,2026-02-23 17:47:50.329723+00:00,2026-03-16 16:13:34.195551+00:00
VIV,NYQ,24813881344.00,,85,High-quality compounder,,15.5000,32.0538,64.93,100.00,2026-04-17,,,2026-05-11,,,2026-02-23 17:47:46.252152+00:00,2026-03-19 14:59:15.739209+00:00
VLO,NYQ,71024517120.00,,70,Quality (selective),,,,,,,,,,,,2026-02-23 17:47:44.941185+00:00,2026-03-16 16:13:27.627454+00:00
VLTO,NYQ,22724171776.00,,97,High-quality compounder,,89.3800,64.4433,44.48,68.00,2026-04-17,,,2026-04-28,,,2026-02-23 17:47:46.599695+00:00,2026-03-19 14:59:13.261864+00:00
VLY,NMS,6710586880.00,,59,Higher risk,,,,,,,,,,,,2026-02-23 17:47:49.750438+00:00,2026-03-16 16:13:34.379987+00:00
VMC,NYQ,35317932032.00,,92,High-quality compounder,,253.1000,206.4330,47.55,43.00,2026-04-17,,,2026-04-29,,,2026-02-23 17:47:45.561019+00:00,2026-03-19 14:59:16.192680+00:00
VMI,NYQ,8135754240.00,,86,High-quality compounder,,396.5400,485.1082,58.07,57.00,2026-04-17,,0.3685,2026-04-28,2.3700,,2026-02-23 17:47:48.975162+00:00,2026-03-19 14:59:19.826491+00:00
VNO,NYQ,5483838976.00,,69,Quality (selective),,,,,,,,,,,,2026-02-23 17:47:50.432516+00:00,2026-03-16 16:13:35.432487+00:00
VNO-PL,NYQ,9281729536.00,,69,Quality (selective),,,,,,,,,,,,2026-02-23 17:47:48.572495+00:00,2026-03-16 16:13:33.009382+00:00
VNO-PM,NYQ,9284854784.00,,69,Quality (selective),,,,,,,,,,,,2026-02-23 17:47:48.612952+00:00,2026-03-16 16:13:32.992174+00:00
VNOM,NMS,16874182656.00,,47,Higher risk,,,,,,,,,,,,2026-02-23 17:47:47.612708+00:00,2026-03-16 16:13:30.999499+00:00
VNT,NYQ,5297600512.00,,81,High-quality compounder,,35.1800,58.8628,47.70,54.00,2026-04-17,,,2026-05-07,,,2026-02-23 17:47:50.463076+00:00,2026-03-19 14:59:20.178718+00:00
VOD,NMS,33748916224.00,,58,Higher risk,,,,,,,,,,,,2026-02-23 17:47:45.690880+00:00,2026-03-16 16:13:29.099321+00:00
VOYA,NYQ,6433965568.00,,78,Quality (selective),,66.8225,314.2010,45.99,36.80,2026-04-17,,0.4222,2026-05-05,2.0800,,2026-02-23 17:47:50.041400+00:00,2026-03-19 14:59:22.740629+00:00
VOYA-PB,NYQ,7269464064.00,,78,Quality (selective),,36.3000,314.2010,31.32,45.20,,,,2026-05-05,,,2026-02-23 17:47:49.600774+00:00,2026-03-17 09:36:08.345596+00:00
VRSK,NMS,28628520960.00,,95,High-quality compounder,,204.4500,273.7426,35.65,51.00,2026-04-17,10,0.3790,2026-05-06,2.3100,,2026-02-23 17:47:46.260028+00:00,2026-03-19 14:59:26.929994+00:00
VRSN,NMS,22288787456.00,,92,High-quality compounder,,241.0650,320.2728,52.21,56.00,2026-04-17,,,2026-04-23,,,2026-02-23 17:47:46.925425+00:00,2026-03-19 14:59:25.271413+00:00
VRT,NYQ,102310658048.00,,91,High-quality compounder,,266.2500,41.1113,76.61,88.00,2026-04-17,5,0.6542,2026-04-22,4.9300,,2026-02-23 17:47:44.371936+00:00,2026-03-19 14:59:34.236127+00:00
VRTX,NMS,118383747072.00,,84,High-quality compounder,,450.9100,739.5332,52.83,57.00,2026-04-17,,,2026-05-04,,,2026-02-23 17:47:44.110180+00:00,2026-03-19 14:59:30.211637+00:00
VSAT,NMS,6394929152.00,,28,Higher risk,,,,,,,,,,,,2026-02-23 17:47:50.367642+00:00,2026-03-16 16:13:34.587427+00:00
VSEC,NMS,5563999232.00,,23,Higher risk,,,,,,,,,,,,2026-02-23 17:47:50.274141+00:00,2026-03-16 16:13:35.347211+00:00
VSNT,NMS,5455201280.00,,80,High-quality compounder,,34.7150,406.9769,,,,,,2026-06-03,,,2026-03-16 16:13:35.485686+00:00,2026-03-19 14:59:31.414726+00:00
VST,NYQ,54440787968.00,,69,Higher risk,,,,,,,,,,,,2026-02-23 17:47:45.008172+00:00,2026-03-16 16:13:28.034362+00:00
VTR,NYQ,41633075200.00,,56,Higher risk,,,,,,,,,,,,2026-02-23 17:47:45.504532+00:00,2026-03-16 16:13:28.654277+00:00
VTRS,NMS,15531616256.00,,53,Higher risk,,,,,,,,,,,,2026-02-23 17:47:47.026423+00:00,2026-03-16 16:13:31.228307+00:00
VZ,NYQ,214954278912.00,,79,Quality (selective),,50.0822,85.5584,62.92,70.00,2026-04-17,,,2026-04-28,,,2026-02-23 17:47:43.785628+00:00,2026-03-19 14:59:33.721068+00:00
W,NYQ,10231020544.00,,35,Higher risk,,,,,,,,,,,,2026-02-23 17:47:48.795106+00:00,2026-03-16 16:13:32.655188+00:00
WAB,NYQ,40882700288.00,,86,High-quality compounder,,233.9000,296.1943,64.26,60.00,2026-04-17,,,2026-04-22,,,2026-02-23 17:47:45.371393+00:00,2026-03-19 14:59:38.174877+00:00
WAL,NYQ,7553533440.00,,33,Higher risk,,,,,,,,,,,,2026-02-23 17:47:48.784728+00:00,2026-03-16 16:13:33.815062+00:00
WAT,NYQ,28336234496.00,,100,High-quality compounder,,298.5600,181.5174,44.43,27.00,2026-04-17,,,2026-05-05,,,2026-02-23 17:47:45.886233+00:00,2026-03-19 14:59:36.965490+00:00
WBD,NMS,68141064192.00,,37,Higher risk,,,,,,,,,,,,2026-02-23 17:47:44.753700+00:00,2026-03-16 16:13:27.737136+00:00
WBS,NYQ,10997913600.00,,66,Higher risk,,,,,,,,,,,,2026-02-23 17:47:48.236361+00:00,2026-03-16 16:13:32.391589+00:00
WCC,NYQ,12444555264.00,,51,Higher risk,,,,,,,,,,,,2026-02-23 17:47:47.733105+00:00,2026-03-16 16:13:31.973534+00:00
WCN,NYQ,42578219008.00,,68,Quality (selective),,,,,,,,,,,,2026-02-23 17:47:45.465348+00:00,2026-03-16 16:13:28.587726+00:00
WDAY,NMS,36438827008.00,,77,Quality (selective),,133.6900,180.3315,28.32,41.00,2026-04-17,7,0.5077,2026-05-28,3.0000,,2026-02-23 17:47:45.825893+00:00,2026-03-19 14:59:41.654432+00:00
WDC,NMS,95856287744.00,,55,Higher risk,,,,,,,,,,,,2026-02-23 17:47:44.328584+00:00,2026-03-16 16:13:27.106247+00:00
WDS,NYQ,42213928960.00,,82,Higher risk,,25.1700,72.2104,69.39,76.00,2026-04-17,,,2026-09-01,,,2026-02-23 17:47:45.644913+00:00,2026-03-19 14:59:42.202919+00:00
WEC,NYQ,38383403008.00,,42,Higher risk,,,,,,,,,,,,2026-02-23 17:47:45.659326+00:00,2026-03-16 16:13:28.854635+00:00
WELL,NYQ,146831540224.00,,70,Higher risk,,,,,,,,,,,,2026-02-23 17:47:43.989697+00:00,2026-03-16 16:13:26.597642+00:00
WES,NYQ,16733943808.00,,84,High-quality compounder,,41.2100,84.6474,60.65,80.73,2026-04-17,,,2026-05-06,,,2026-02-23 17:47:47.287042+00:00,2026-03-19 14:59:47.574558+00:00
WEX,NYQ,5454358528.00,,79,Quality (selective),,149.4482,183.2712,44.77,85.00,2026-04-17,,0.4971,2026-04-29,2.2500,,2026-02-23 17:47:50.959205+00:00,2026-03-19 14:59:45.364390+00:00
WF,NYQ,15935671296.00,,54,Higher risk,,,,,,,,,,,,2026-02-23 17:47:46.890745+00:00,2026-03-16 16:13:31.132518+00:00
WFC,NYQ,237942620160.00,,48,Higher risk,,,,,,,,,,,,2026-02-23 17:47:43.695018+00:00,2026-03-16 16:13:26.290234+00:00
WFC-PC,NYQ,119794098176.00,,48,Higher risk,,,,,,,,,,,,2026-02-23 17:47:44.104555+00:00,2026-03-16 16:13:26.819939+00:00
WFC-PL,NYQ,184814125056.00,,48,Higher risk,,,,,,,,,,,,2026-02-23 17:47:43.821861+00:00,2026-03-16 16:13:26.382110+00:00
WFC-PY,NYQ,197520064512.00,,48,Higher risk,,,,,,,,,,,,2026-02-23 17:47:43.799734+00:00,2026-03-16 16:13:26.343394+00:00
WFG,NYQ,5157150208.00,,36,Higher risk,,,,,,,,,,,,2026-02-23 17:47:51.038306+00:00,2026-03-16 16:13:35.737431+00:00
WFRD,NMS,6226166784.00,,89,High-quality compounder,,89.0500,192.7558,56.50,51.00,2026-04-17,1,0.5953,2026-04-28,4.4100,,2026-02-23 17:47:49.595488+00:00,2026-03-19 14:59:51.750842+00:00
WH,NYQ,5675240960.00,,71,Quality (selective),,,,,,,,,,,,2026-02-23 17:47:50.222925+00:00,2026-03-16 16:13:35.222366+00:00
WING,NMS,5612944384.00,,100,High-quality compounder,,188.1750,42.7739,41.64,50.00,2026-04-17,367,0.6825,2026-04-29,4.5400,,2026-02-23 17:47:49.870718+00:00,2026-03-19 14:59:51.765795+00:00
WIT,NYQ,23153180672.00,,92,High-quality compounder,,2.1650,3.8196,35.01,34.80,2026-04-17,,1.2227,2026-04-15,6.2500,,2026-02-23 17:47:46.556651+00:00,2026-03-19 14:59:54.254460+00:00
WIX,NMS,5140975616.00,,66,Higher risk,,,,,,,,,,,,2026-03-16 16:13:35.768172+00:00,2026-03-16 16:13:35.768172+00:00
WLK,NYQ,14179314688.00,,48,Higher risk,,,,,,,,,,,,2026-02-23 17:47:48.184878+00:00,2026-03-16 16:13:31.535239+00:00
WM,NYQ,95751913472.00,,74,Quality (selective),,,,,,,,,,,,2026-02-23 17:47:44.358348+00:00,2026-03-16 16:13:27.111880+00:00
WMB,NYQ,89601654784.00,,73,Quality (selective),,,,,,,,,,,,2026-02-23 17:47:44.445819+00:00,2026-03-16 16:13:27.169416+00:00
WMG,NMS,14275721216.00,,80,High-quality compounder,,24.1600,13.2234,38.96,68.00,2026-04-17,1,0.5002,2026-05-14,3.3700,,2026-02-23 17:47:47.596432+00:00,2026-03-19 14:59:56.724778+00:00
WMS,NYQ,10862538752.00,,93,High-quality compounder,,132.6100,98.2763,49.19,49.00,2026-04-17,1,0.5188,2026-05-14,2.7800,,2026-02-23 17:47:47.946444+00:00,2026-03-19 15:00:02.444667+00:00
WMT,NMS,999715831808.00,,81,High-quality compounder,,120.7600,269.4712,73.76,54.00,2026-04-17,,,2026-05-21,,,2026-02-23 17:47:43.451238+00:00,2026-03-19 14:59:58.835996+00:00
WPC,NYQ,16226847744.00,,72,Quality (selective),,,,,,,,,,,,2026-02-23 17:47:47.369270+00:00,2026-03-16 16:13:31.093267+00:00
WPM,NYQ,62551068672.00,,85,High-quality compounder,,120.3100,53.0222,60.77,60.00,2026-04-17,8,0.5466,2026-05-07,4.3000,,2026-02-23 17:47:44.788951+00:00,2026-03-19 15:00:04.031397+00:00
WRB,NYQ,26210062336.00,,75,Quality (selective),,67.0000,355.4754,52.87,51.00,2026-04-17,,,2026-04-20,,,2026-02-23 17:47:46.170609+00:00,2026-03-19 15:00:07.750391+00:00
WSM,NYQ,21748776960.00,,98,High-quality compounder,,180.1000,90.9543,55.18,49.00,2026-04-17,2,0.4391,2026-03-18,3.6000,,2026-02-23 17:47:46.435733+00:00,2026-03-19 15:00:07.867834+00:00
WSO,NYQ,15165006848.00,,88,High-quality compounder,,376.2800,279.2430,45.32,48.00,2026-04-17,,0.4377,2026-04-22,2.8200,,2026-02-23 17:47:47.311717+00:00,2026-03-19 15:00:12.767080+00:00
WSO-B,NYQ,14955260928.00,,88,High-quality compounder,,240.3100,279.2430,46.64,,,,,2026-04-16,,,2026-03-16 16:13:31.383491+00:00,2026-03-17 09:36:29.040496+00:00
WST,NYQ,17332330496.00,,92,High-quality compounder,,240.1450,107.1541,42.81,36.20,2026-04-17,1,0.4329,2026-04-23,2.5200,,2026-02-23 17:47:47.146221+00:00,2026-03-19 15:00:11.854967+00:00
WTFC,NMS,8928139264.00,,62,Higher risk,,,,,,,,,,,,2026-02-23 17:47:48.650913+00:00,2026-03-16 16:13:33.153537+00:00
WTM,NYQ,5485045760.00,,55,Higher risk,,,,,,,,,,,,2026-02-23 17:47:50.754187+00:00,2026-03-16 16:13:35.444672+00:00
WTRG,NYQ,11545544704.00,,43,Higher risk,,,,,,,,,,,,2026-02-23 17:47:48.386301+00:00,2026-03-16 16:13:32.263129+00:00
WTS,NYQ,10055654400.00,,100,High-quality compounder,,294.0700,203.4679,64.44,60.00,2026-04-17,,,2026-05-06,,,2026-02-23 17:47:48.420518+00:00,2026-03-19 15:00:15.994298+00:00
WTW,NMS,27840823296.00,,64,Higher risk,,,,,,,,,,,,2026-02-23 17:47:46.047868+00:00,2026-03-16 16:13:29.568913+00:00
WWD,NMS,21825030144.00,,79,Quality (selective),,362.7750,208.4018,78.99,80.00,2026-04-17,12,0.3762,2026-04-27,2.5300,,2026-02-23 17:47:46.543011+00:00,2026-03-19 15:00:16.391826+00:00
WY,NYQ,17088010240.00,,61,Higher risk,,,,,,,,,,,,2026-02-23 17:47:47.061038+00:00,2026-03-16 16:13:30.949484+00:00
WYNN,NMS,10706764800.00,,40,Higher risk,,,,,,,,,,,,2026-02-23 17:47:48.357165+00:00,2026-03-16 16:13:32.483194+00:00
XEL,NMS,51023765504.00,,40,Higher risk,,,,,,,,,,,,2026-02-23 17:47:45.248393+00:00,2026-03-16 16:13:28.176408+00:00
XOM,NYQ,655390212096.00,,81,High-quality compounder,,157.8800,125.2975,76.68,88.00,2026-04-17,,,2026-05-01,,,2026-02-23 17:47:43.470094+00:00,2026-03-19 15:00:20.383580+00:00
XP,NMS,9908549632.00,,89,High-quality compounder,,18.3400,44.9785,49.05,60.00,2026-04-17,1,0.5565,2026-05-19,3.2400,,2026-02-23 17:47:48.316017+00:00,2026-03-19 15:00:19.882972+00:00
XPEV,NYQ,19532093440.00,,23,Higher risk,,,,,,,,,,,,2026-02-23 17:47:47.221923+00:00,2026-03-16 16:13:30.507140+00:00
XPO,NYQ,21792974848.00,,49,Higher risk,,,,,,,,,,,,2026-02-23 17:47:46.501563+00:00,2026-03-16 16:13:30.196410+00:00
XYL,NYQ,29404975104.00,,91,Higher risk,,119.6200,112.4068,44.76,28.80,2026-04-17,,,2026-05-05,,,2026-02-23 17:47:45.939963+00:00,2026-03-19 15:00:23.206864+00:00
XYZ,NYQ,36174299136.00,,56,Higher risk,,,,,,,,,,,,2026-02-23 17:47:45.930941+00:00,2026-03-16 16:13:28.979617+00:00
YMM,NYQ,9371211776.00,,65,Quality (selective),,,,,,,,,,,,2026-02-23 17:47:48.658629+00:00,2026-03-16 16:13:32.950725+00:00
YOU,NYQ,6226541568.00,,94,Higher risk,,47.9600,71.5823,67.49,,2026-04-17,1,0.5074,2026-05-14,6.4700,,2026-03-16 16:13:34.736665+00:00,2026-03-19 15:00:26.847382+00:00
YPF,NYQ,15355808768.00,,35,Higher risk,,,,,,,,,,,,2026-02-23 17:47:47.353011+00:00,2026-03-16 16:13:31.320008+00:00
YUM,NYQ,45401792512.00,,86,High-quality compounder,,157.9700,209.6125,57.15,57.00,2026-04-17,,,2026-04-29,,,2026-02-23 17:47:45.343608+00:00,2026-03-19 15:00:25.275882+00:00
YUMC,NYQ,19093729280.00,,72,Quality (selective),,,,,,,,,,,,2026-02-23 17:47:46.931789+00:00,2026-03-16 16:13:30.589624+00:00
Z,NMS,10372106240.00,,46,Higher risk,,,,,,,,,,,,2026-02-23 17:47:48.475682+00:00,2026-03-16 16:13:32.591082+00:00
ZBH,NYQ,18648883200.00,,78,Quality (selective),,90.1750,434.4652,42.02,57.00,2026-04-17,,,2026-05-04,,,2026-02-23 17:47:46.916173+00:00,2026-03-19 15:00:30.691212+00:00
ZBRA,NMS,10366098432.00,,81,High-quality compounder,,204.4500,124.8126,35.73,47.60,2026-04-17,1,0.5318,2026-05-12,3.7900,,2026-02-23 17:47:48.140823+00:00,2026-03-19 15:00:29.226904+00:00
ZG,NMS,10316305408.00,,49,Higher risk,,,,,,,,,,,,2026-02-23 17:47:48.381494+00:00,2026-03-16 16:13:32.633092+00:00
ZION,NMS,7971208192.00,,71,Quality (selective),,,,,,,,,,,,2026-02-23 17:47:49.059551+00:00,2026-03-16 16:13:33.592681+00:00
ZM,NMS,22315649024.00,,92,High-quality compounder,,75.8600,258.5047,45.78,22.80,2026-04-17,4,0.3571,2026-05-25,2.3700,,2026-02-23 17:47:46.380967+00:00,2026-03-19 15:00:32.825868+00:00
ZS,NMS,24702277632.00,,58,Higher risk,,,,,,,,,,,,2026-02-23 17:47:46.593906+00:00,2026-03-16 16:13:29.804393+00:00
ZTO,NYQ,18271074304.00,,83,High-quality compounder,,25.0000,53.7686,59.74,49.00,2026-04-17,2,0.4322,2026-03-17,3.0200,,2026-02-23 17:47:46.895891+00:00,2026-03-19 15:00:34.786393+00:00
ZTS,NYQ,51706535936.00,,98,High-quality compounder,,117.4500,149.0879,34.81,44.00,2026-04-17,,,2026-05-05,,,2026-02-23 17:47:45.017016+00:00,2026-03-19 15:00:36.237444+00:00
ZWS,NYQ,7579318784.00,,94,Higher risk,,43.5948,55.5256,56.84,49.00,2026-04-17,,0.7173,2026-04-28,3.0000,,2026-02-23 17:47:49.175972+00:00,2026-03-19 15:00:38.300445+00:00
